OTUId,kingdom,phylum,class,order,family,genus
OTU0009,Unmapped,NA,NA,NA,NA,NA
OTU0013,Unmapped,NA,NA,NA,NA,NA
OTU0059,Unmapped,NA,NA,NA,NA,NA
OTU0065,Unmapped,NA,NA,NA,NA,NA
OTU0069,Unmapped,NA,NA,NA,NA,NA
OTU0093,Unmapped,NA,NA,NA,NA,NA
OTU0094,Unmapped,NA,NA,NA,NA,NA
OTU0118,Unmapped,NA,NA,NA,NA,NA
OTU0120,Unmapped,NA,NA,NA,NA,NA
OTU0121,Unmapped,NA,NA,NA,NA,NA
OTU0139,Unmapped,NA,NA,NA,NA,NA
OTU0142,Unmapped,NA,NA,NA,NA,NA
OTU0156,Unmapped,NA,NA,NA,NA,NA
OTU0161,Unmapped,NA,NA,NA,NA,NA
OTU0178,Unmapped,NA,NA,NA,NA,NA
OTU0194,Unmapped,NA,NA,NA,NA,NA
OTU0218,Unmapped,NA,NA,NA,NA,NA
OTU0253,Unmapped,NA,NA,NA,NA,NA
OTU0346,Unmapped,NA,NA,NA,NA,NA
OTU0356,Unmapped,NA,NA,NA,NA,NA
OTU0358,Unmapped,NA,NA,NA,NA,NA
OTU0361,Unmapped,NA,NA,NA,NA,NA
OTU0362,Unmapped,NA,NA,NA,NA,NA
OTU0363,Unmapped,NA,NA,NA,NA,NA
OTU0401,Unmapped,NA,NA,NA,NA,NA
OTU0408,Unmapped,NA,NA,NA,NA,NA
OTU0411,Unmapped,NA,NA,NA,NA,NA
OTU0421,Unmapped,NA,NA,NA,NA,NA
OTU0439,Unmapped,NA,NA,NA,NA,NA
OTU0443,Unmapped,NA,NA,NA,NA,NA
OTU0446,Unmapped,NA,NA,NA,NA,NA
OTU0458,Unmapped,NA,NA,NA,NA,NA
OTU0479,Unmapped,NA,NA,NA,NA,NA
OTU0488,Unmapped,NA,NA,NA,NA,NA
OTU0500,Unmapped,NA,NA,NA,NA,NA
OTU0505,Unmapped,NA,NA,NA,NA,NA
OTU0526,Unmapped,NA,NA,NA,NA,NA
OTU0598,Unmapped,NA,NA,NA,NA,NA
OTU0609,Unmapped,NA,NA,NA,NA,NA
OTU0614,Unmapped,NA,NA,NA,NA,NA
OTU0664,Unmapped,NA,NA,NA,NA,NA
OTU0668,Unmapped,NA,NA,NA,NA,NA
OTU0669,Unmapped,NA,NA,NA,NA,NA
OTU0681,Unmapped,NA,NA,NA,NA,NA
OTU0683,Unmapped,NA,NA,NA,NA,NA
OTU0684,Unmapped,NA,NA,NA,NA,NA
OTU0693,Unmapped,NA,NA,NA,NA,NA
OTU0706,Unmapped,NA,NA,NA,NA,NA
OTU0715,Unmapped,NA,NA,NA,NA,NA
OTU0717,Unmapped,NA,NA,NA,NA,NA
OTU0732,Unmapped,NA,NA,NA,NA,NA
OTU0744,Unmapped,NA,NA,NA,NA,NA
OTU0801,Unmapped,NA,NA,NA,NA,NA
OTU0905,Unmapped,NA,NA,NA,NA,NA
OTU0912,Unmapped,NA,NA,NA,NA,NA
OTU0915,Unmapped,NA,NA,NA,NA,NA
OTU0935,Unmapped,NA,NA,NA,NA,NA
OTU0944,Unmapped,NA,NA,NA,NA,NA
OTU0982,Unmapped,NA,NA,NA,NA,NA
OTU1055,Unmapped,NA,NA,NA,NA,NA
OTU1103,Unmapped,NA,NA,NA,NA,NA
OTU1111,Unmapped,NA,NA,NA,NA,NA
OTU1130,Unmapped,NA,NA,NA,NA,NA
OTU1194,Unmapped,NA,NA,NA,NA,NA
OTU1277,Unmapped,NA,NA,NA,NA,NA
OTU1289,Unmapped,NA,NA,NA,NA,NA
OTU1307,Unmapped,NA,NA,NA,NA,NA
OTU1054,Bacteria,Firmicutes,Clostridia,Clostridiales,Clostridiaceae,Candidatus_Arthromitus
OTU0117,Bacteria,Cyanobacteria,Cyanobacteriia,Chloroplast,NA,NA
OTU1002,Bacteria,Firmicutes,Bacilli,Bacillales,Bacillaceae,Bacillus
OTU0906,Bacteria,Cyanobacteria,Cyanobacteriia,Chloroplast,NA,NA
OTU1019,Bacteria,Firmicutes,Clostridia,Clostridiales,Clostridiaceae,Clostridium_sensu_stricto_1
OTU1094,Bacteria,Firmicutes,Clostridia,Clostridiales,Clostridiaceae,Clostridium_sensu_stricto_12
OTU1074,Bacteria,Firmicutes,Clostridia,Clostridiales,Clostridiaceae,Clostridium_sensu_stricto_1
OTU0216,Bacteria,Bdellovibrionota,Bdellovibrionia,Bacteriovoracales,Bacteriovoracaceae,Peredibacter
OTU0534,Bacteria,Proteobacteria,Gammaproteobacteria,Enterobacterales,Enterobacteriaceae,Enterobacter
OTU0998,Bacteria,Firmicutes,Bacilli,Exiguobacterales,Exiguobacteraceae,Exiguobacterium
OTU0129,Bacteria,Proteobacteria,Gammaproteobacteria,Pseudomonadales,Pseudomonadaceae,Pseudomonas
OTU0200,Bacteria,Proteobacteria,Gammaproteobacteria,Pseudomonadales,Pseudomonadaceae,Pseudomonas
OTU0199,Bacteria,Proteobacteria,Gammaproteobacteria,Pseudomonadales,Pseudomonadaceae,Pseudomonas
OTU0219,Bacteria,Proteobacteria,Gammaproteobacteria,Pseudomonadales,Pseudomonadaceae,Pseudomonas
OTU0943,Bacteria,Firmicutes,Bacilli,Staphylococcales,Staphylococcaceae,Staphylococcus
OTU0555,Bacteria,Campylobacterota,Campylobacteria,Campylobacterales,Campylobacteraceae,Campylobacter
OTU0682,Bacteria,Campylobacterota,Campylobacteria,Campylobacterales,Campylobacteraceae,Campylobacter
OTU0536,Bacteria,Proteobacteria,Gammaproteobacteria,Enterobacterales,Aeromonadaceae,Aeromonas
OTU0667,Bacteria,Cyanobacteria,Cyanobacteriia,Synechococcales,Cyanobiaceae,Cyanobium_PCC_6307
OTU0131,Bacteria,Proteobacteria,Gammaproteobacteria,Pseudomonadales,Moraxellaceae,Psychrobacter
OTU0130,Bacteria,Proteobacteria,Gammaproteobacteria,Pseudomonadales,Moraxellaceae,Psychrobacter
OTU0122,Bacteria,Proteobacteria,Gammaproteobacteria,Pseudomonadales,Moraxellaceae,Psychrobacter
OTU1091,Bacteria,Firmicutes,Negativicutes,Veillonellales_Selenomonadales,Selenomonadaceae,Selenomonas
OTU0134,Bacteria,Proteobacteria,Gammaproteobacteria,Pseudomonadales,Moraxellaceae,Acinetobacter
OTU0133,Bacteria,Proteobacteria,Gammaproteobacteria,Pseudomonadales,Moraxellaceae,Acinetobacter
OTU0148,Bacteria,Proteobacteria,Gammaproteobacteria,Pseudomonadales,Moraxellaceae,Acinetobacter
OTU0821,Bacteria,Proteobacteria,Gammaproteobacteria,Burkholderiales,Alcaligenaceae,Achromobacter
OTU0696,Bacteria,Firmicutes,Clostridia,Peptostreptococcales_Tissierellales,Family_XI,Fenollaria
OTU1110,Bacteria,Firmicutes,Clostridia,Peptostreptococcales_Tissierellales,Peptostreptococcaceae,Peptoanaerobacter
OTU0626,Bacteria,Proteobacteria,Gammaproteobacteria,Enterobacterales,Pseudoalteromonadaceae,Pseudoalteromonas
OTU0812,Bacteria,Actinobacteriota,Actinobacteria,Corynebacteriales,Mycobacteriaceae,Mycobacterium
OTU0628,Bacteria,Proteobacteria,Gammaproteobacteria,Pseudomonadales,Halomonadaceae,Halomonas
OTU1269,Bacteria,Firmicutes,Thermoanaerobacteria,Thermoanaerobacterales,Family_III,Thermoanaerobacterium
OTU0586,Bacteria,Bacteroidota,Bacteroidia,Flavobacteriales,Weeksellaceae,Cloacibacterium
OTU1222,Bacteria,Firmicutes,Bacilli,Paenibacillales,Paenibacillaceae,Paenibacillus
OTU1220,Bacteria,Firmicutes,Bacilli,Paenibacillales,Paenibacillaceae,Paenibacillus
OTU1221,Bacteria,Firmicutes,Bacilli,Paenibacillales,Paenibacillaceae,Paenibacillus
OTU0037,Bacteria,Spirochaetota,Spirochaetia,Spirochaetales,Spirochaetaceae,Treponema
OTU0045,Bacteria,Spirochaetota,Spirochaetia,Spirochaetales,Spirochaetaceae,Treponema
OTU0038,Bacteria,Spirochaetota,Spirochaetia,Spirochaetales,Spirochaetaceae,Treponema
OTU0030,Bacteria,Spirochaetota,Spirochaetia,Spirochaetales,Spirochaetaceae,Treponema
OTU0697,Bacteria,Spirochaetota,Spirochaetia,Spirochaetales,Spirochaetaceae,Treponema
OTU0034,Bacteria,Spirochaetota,Spirochaetia,Spirochaetales,Spirochaetaceae,Treponema
OTU0047,Bacteria,Spirochaetota,Spirochaetia,Spirochaetales,Spirochaetaceae,Treponema
OTU0035,Bacteria,Spirochaetota,Spirochaetia,Spirochaetales,Spirochaetaceae,Treponema
OTU0040,Bacteria,Spirochaetota,Spirochaetia,Spirochaetales,Spirochaetaceae,Treponema
OTU0700,Bacteria,Spirochaetota,Spirochaetia,Spirochaetales,Spirochaetaceae,Treponema
OTU0724,Bacteria,Firmicutes,Clostridia,Oscillospirales,Ruminococcaceae,uncultured
OTU1280,Bacteria,Firmicutes,Bacilli,Bacillales,Sporolactobacillaceae,Tuberibacillus
OTU0957,Bacteria,Firmicutes,Bacilli,Lactobacillales,Lactobacillaceae,Pediococcus
OTU0773,Bacteria,Actinobacteriota,Actinobacteria,Micrococcales,Micrococcaceae,Glutamicibacter
OTU0771,Bacteria,Actinobacteriota,Actinobacteria,Micrococcales,Micrococcaceae,Paenarthrobacter
OTU0809,Bacteria,Actinobacteriota,Actinobacteria,Actinomycetales,Actinomycetaceae,Actinomyces
OTU0789,Bacteria,Actinobacteriota,Actinobacteria,Actinomycetales,Actinomycetaceae,Actinomyces
OTU0797,Bacteria,Actinobacteriota,Actinobacteria,Actinomycetales,Actinomycetaceae,Actinomyces
OTU0793,Bacteria,Actinobacteriota,Actinobacteria,Actinomycetales,Actinomycetaceae,Actinomyces
OTU1219,Bacteria,Firmicutes,Bacilli,Aneurinibacillales,Aneurinibacillaceae,Aneurinibacillus
OTU0917,Bacteria,Firmicutes,Bacilli,Lactobacillales,Streptococcaceae,Lactococcus
OTU0212,Bacteria,Proteobacteria,Gammaproteobacteria,Xanthomonadales,Xanthomonadaceae,Stenotrophomonas
OTU0205,Bacteria,Proteobacteria,Gammaproteobacteria,Xanthomonadales,Xanthomonadaceae,Stenotrophomonas
OTU0214,Bacteria,Proteobacteria,Gammaproteobacteria,Xanthomonadales,Xanthomonadaceae,Stenotrophomonas
OTU0450,Bacteria,Bacteroidota,Bacteroidia,Bacteroidales,Bacteroidaceae,Bacteroides
OTU0400,Bacteria,Bacteroidota,Bacteroidia,Bacteroidales,Bacteroidaceae,Bacteroides
OTU1009,Bacteria,Firmicutes,Negativicutes,Veillonellales_Selenomonadales,Veillonellaceae,Megasphaera
OTU0167,Bacteria,Firmicutes,Clostridia,Lachnospirales,Defluviitaleaceae,Defluviitaleaceae_UCG_011
OTU0649,Bacteria,Firmicutes,Clostridia,Peptostreptococcales_Tissierellales,Anaerovoracaceae,_Eubacterium_brachy_group
OTU0798,Bacteria,Firmicutes,Clostridia,Eubacteriales,Eubacteriaceae,Eubacterium
OTU1127,Bacteria,Firmicutes,Clostridia,Peptostreptococcales_Tissierellales,Anaerovoracaceae,_Eubacterium_saphenum_group
OTU0983,Bacteria,Firmicutes,Clostridia,Oscillospirales,Ruminococcaceae,_Eubacterium_siraeum_group
OTU1129,Bacteria,Firmicutes,Clostridia,Peptostreptococcales_Tissierellales,Anaerovoracaceae,_Eubacterium_brachy_group
OTU1180,Bacteria,Firmicutes,Clostridia,Lachnospirales,Lachnospiraceae,Lachnoanaerobaculum
OTU1205,Bacteria,Firmicutes,Clostridia,Peptostreptococcales_Tissierellales,Anaerovoracaceae,Family_XIII_UCG_001
OTU1246,Bacteria,Firmicutes,Clostridia,Peptostreptococcales_Tissierellales,Anaerovoracaceae,Amnipila
OTU1306,Bacteria,Firmicutes,Clostridia,Lachnospirales,Lachnospiraceae,Butyrivibrio
OTU1243,Bacteria,Firmicutes,Clostridia,Peptostreptococcales_Tissierellales,Anaerovoracaceae,_Eubacterium_nodatum_group
OTU1108,Bacteria,Firmicutes,Clostridia,Peptostreptococcales_Tissierellales,Peptostreptococcaceae,_Eubacterium_yurii_group
OTU1185,Bacteria,Firmicutes,Clostridia,Lachnospirales,Lachnospiraceae,Johnsonella
OTU0739,Bacteria,Firmicutes,Bacilli,RF39,NA,NA
OTU0377,Bacteria,Bacteroidota,Bacteroidia,Flavobacteriales,Flavobacteriaceae,Flavobacterium
OTU1235,Bacteria,Actinobacteriota,Thermoleophilia,Gaiellales,Gaiellaceae,Gaiella
OTU1016,Bacteria,Abditibacteriota,Abditibacteria,Abditibacteriales,Abditibacteriaceae,Abditibacterium
OTU0254,Bacteria,Proteobacteria,Alphaproteobacteria,Caulobacterales,Caulobacteraceae,Phenylobacterium
OTU0217,Bacteria,Bdellovibrionota,Bdellovibrionia,Bacteriovoracales,Bacteriovoracaceae,Peredibacter
OTU0138,Bacteria,Bdellovibrionota,Bdellovibrionia,Bdellovibrionales,Bdellovibrionaceae,OM27_clade
OTU0193,Bacteria,Proteobacteria,Alphaproteobacteria,Rhizobiales,Hyphomicrobiaceae,Hyphomicrobium
OTU0153,Bacteria,Verrucomicrobiota,Verrucomicrobiae,Chthoniobacterales,Chthoniobacteraceae,Chthoniobacter
OTU0243,Bacteria,Proteobacteria,Alphaproteobacteria,Acetobacterales,Acetobacteraceae,Roseococcus
OTU0220,Bacteria,Proteobacteria,Alphaproteobacteria,Rickettsiales,SM2D12,NA
OTU0187,Bacteria,Planctomycetota,Planctomycetes,Planctomycetales,uncultured,NA
OTU0762,Bacteria,Firmicutes,Clostridia,Oscillospirales,Ruminococcaceae,uncultured
OTU0656,Bacteria,Proteobacteria,Alphaproteobacteria,NRL2,NA,NA
OTU0740,Bacteria,Firmicutes,Clostridia,Oscillospirales,Ruminococcaceae,Ruminococcus
OTU0028,Bacteria,Planctomycetota,Planctomycetes,Pirellulales,Pirellulaceae,Pir4_lineage
OTU0127,Bacteria,Proteobacteria,Gammaproteobacteria,Pseudomonadales,Moraxellaceae,Fluviicoccus
OTU0135,Bacteria,Bdellovibrionota,Oligoflexia,0319_6G20,NA,NA
OTU0657,Bacteria,Proteobacteria,Alphaproteobacteria,Sphingomonadales,Sphingomonadaceae,Sphingomonas
OTU0643,Bacteria,Bacteroidota,Bacteroidia,Cytophagales,Spirosomaceae,Dyadobacter
OTU0974,Bacteria,Firmicutes,Clostridia,Oscillospirales,_Eubacterium_coprostanoligenes_group,NA
OTU1265,Bacteria,Firmicutes,Clostridia,Clostridia_vadinBB60_group,NA,NA
OTU1107,Bacteria,Firmicutes,Clostridia,Clostridia_vadinBB60_group,NA,NA
OTU1042,Bacteria,Firmicutes,Bacilli,Lactobacillales,Enterococcaceae,Tetragenococcus
OTU1049,Bacteria,Firmicutes,Bacilli,Lactobacillales,Aerococcaceae,Aerococcus
OTU1048,Bacteria,Firmicutes,Bacilli,Lactobacillales,Aerococcaceae,Aerococcus
OTU0645,Bacteria,Desulfobacterota,Desulfobulbia,Desulfobulbales,Desulfobulbaceae,Desulfobulbus
OTU0529,Bacteria,Proteobacteria,Gammaproteobacteria,Enterobacterales,Morganellaceae,Buchnera
OTU0646,Bacteria,Proteobacteria,Gammaproteobacteria,Enterobacterales,Morganellaceae,Buchnera
OTU0542,Bacteria,Proteobacteria,Gammaproteobacteria,Pseudomonadales,Marinobacteraceae,Marinobacter
OTU1105,Bacteria,Firmicutes,Clostridia,Peptostreptococcales_Tissierellales,Peptostreptococcaceae,Filifactor
OTU0023,Bacteria,Firmicutes,Bacilli,Alicyclobacillales,Alicyclobacillaceae,Alicyclobacillus
OTU1328,Bacteria,Firmicutes,Clostridia,Lachnospirales,Lachnospiraceae,Lachnospiraceae_UCG_001
OTU1137,Bacteria,Firmicutes,Clostridia,Lachnospirales,Lachnospiraceae,Lachnoanaerobaculum
OTU1150,Bacteria,Firmicutes,Clostridia,Lachnospirales,Lachnospiraceae,Oribacterium
OTU0775,Bacteria,Actinobacteriota,Actinobacteria,Streptomycetales,Streptomycetaceae,Streptomyces
OTU0597,Bacteria,Desulfobacterota,Desulfovibrionia,Desulfovibrionales,Desulfomicrobiaceae,Desulfomicrobium
OTU0106,Bacteria,Actinobacteriota,Actinobacteria,Glycomycetales,Glycomycetaceae,Glycomyces
OTU0885,Bacteria,Actinobacteriota,Actinobacteria,Corynebacteriales,Corynebacteriaceae,Corynebacterium
OTU0891,Bacteria,Actinobacteriota,Actinobacteria,Corynebacteriales,Corynebacteriaceae,Corynebacterium
OTU0903,Bacteria,Actinobacteriota,Actinobacteria,Corynebacteriales,Corynebacteriaceae,Corynebacterium
OTU1344,Bacteria,Firmicutes,Bacilli,Lactobacillales,Lactobacillaceae,Fructobacillus
OTU0807,Bacteria,Actinobacteriota,Actinobacteria,Micrococcales,Brevibacteriaceae,Brevibacterium
OTU0790,Bacteria,Actinobacteriota,Actinobacteria,Actinomycetales,Actinomycetaceae,Actinotignum
OTU0650,Bacteria,Deferribacterota,Deferribacteres,Deferribacterales,Deferribacteraceae,Mucispirillum
OTU1305,Bacteria,Firmicutes,Clostridia,Lachnospirales,Lachnospiraceae,NA
OTU0369,Bacteria,Bacteroidota,Bacteroidia,Bacteroidales,Porphyromonadaceae,Porphyromonas
OTU0371,Bacteria,Bacteroidota,Bacteroidia,Bacteroidales,Porphyromonadaceae,Porphyromonas
OTU0504,Bacteria,Bacteroidota,Bacteroidia,Bacteroidales,Porphyromonadaceae,Porphyromonas
OTU0368,Bacteria,Bacteroidota,Bacteroidia,Bacteroidales,Porphyromonadaceae,Porphyromonas
OTU0929,Bacteria,Firmicutes,Bacilli,Lactobacillales,Carnobacteriaceae,Dolosigranulum
OTU0831,Bacteria,Actinobacteriota,Actinobacteria,Bifidobacteriales,Bifidobacteriaceae,Bifidobacterium
OTU0931,Bacteria,Firmicutes,Bacilli,Erysipelotrichales,Erysipelatoclostridiaceae,Eggerthia
OTU0545,Bacteria,Proteobacteria,Gammaproteobacteria,Legionellales,Legionellaceae,Legionella
OTU0544,Bacteria,Proteobacteria,Gammaproteobacteria,Legionellales,Legionellaceae,Legionella
OTU0213,Bacteria,Proteobacteria,Gammaproteobacteria,Xanthomonadales,Xanthomonadaceae,Luteimonas
OTU0689,Bacteria,Proteobacteria,Gammaproteobacteria,Enterobacterales,Pasteurellaceae,Aggregatibacter
OTU0247,Bacteria,Proteobacteria,Alphaproteobacteria,Acetobacterales,Acetobacteraceae,Acetobacter
OTU0499,Bacteria,Bacteroidota,Bacteroidia,Bacteroidales,Rikenellaceae,Rikenellaceae_RC9_gut_group
OTU0501,Bacteria,Bacteroidota,Bacteroidia,Bacteroidales,Rikenellaceae,Rikenellaceae_RC9_gut_group
OTU0674,Bacteria,Bacteroidota,Bacteroidia,Bacteroidales,Porphyromonadaceae,Porphyromonas
OTU0466,Bacteria,Bacteroidota,Bacteroidia,Bacteroidales,Muribaculaceae,CAG_873
OTU0425,Bacteria,Bacteroidota,Bacteroidia,Bacteroidales,Rikenellaceae,Rikenellaceae_RC9_gut_group
OTU0395,Bacteria,Bacteroidota,Bacteroidia,Sphingobacteriales,Lentimicrobiaceae,Lentimicrobium
OTU0372,Bacteria,Bacteroidota,Bacteroidia,Bacteroidales,p_2534_18B5_gut_group,NA
OTU1033,Bacteria,Firmicutes,Clostridia,Oscillospirales,Oscillospiraceae,UCG_005
OTU1069,Bacteria,Firmicutes,Bacilli,Erysipelotrichales,Erysipelotrichaceae,Solobacterium
OTU0163,Bacteria,Firmicutes,Bacilli,Mycoplasmatales,Mycoplasmataceae,Mycoplasma
OTU0165,Bacteria,Firmicutes,Bacilli,Mycoplasmatales,Mycoplasmataceae,Mycoplasma
OTU0162,Bacteria,Firmicutes,Bacilli,Mycoplasmatales,Mycoplasmataceae,Mycoplasma
OTU0166,Bacteria,Firmicutes,Bacilli,Mycoplasmatales,Mycoplasmataceae,Mycoplasma
OTU0310,Bacteria,Bacteroidota,Bacteroidia,Bacteroidales,Prevotellaceae,Prevotella
OTU0318,Bacteria,Bacteroidota,Bacteroidia,Bacteroidales,Prevotellaceae,Prevotella_7
OTU0339,Bacteria,Bacteroidota,Bacteroidia,Bacteroidales,Prevotellaceae,Prevotella
OTU0355,Bacteria,Bacteroidota,Bacteroidia,Bacteroidales,Prevotellaceae,Prevotella
OTU0325,Bacteria,Bacteroidota,Bacteroidia,Bacteroidales,Prevotellaceae,Prevotella
OTU0319,Bacteria,Bacteroidota,Bacteroidia,Bacteroidales,Prevotellaceae,Prevotella_7
OTU0328,Bacteria,Bacteroidota,Bacteroidia,Bacteroidales,Prevotellaceae,Prevotella
OTU0331,Bacteria,Bacteroidota,Bacteroidia,Bacteroidales,Prevotellaceae,Prevotella_7
OTU0324,Bacteria,Bacteroidota,Bacteroidia,Bacteroidales,Prevotellaceae,Prevotella_7
OTU0306,Bacteria,Bacteroidota,Bacteroidia,Bacteroidales,Prevotellaceae,Prevotella_7
OTU0403,Bacteria,Bacteroidota,Bacteroidia,Bacteroidales,Bacteroidaceae,Bacteroides
OTU0311,Bacteria,Bacteroidota,Bacteroidia,Bacteroidales,Prevotellaceae,Prevotella
OTU0307,Bacteria,Bacteroidota,Bacteroidia,Bacteroidales,Prevotellaceae,Prevotella_7
OTU0359,Bacteria,Bacteroidota,Bacteroidia,Bacteroidales,Prevotellaceae,Prevotella
OTU0357,Bacteria,Bacteroidota,Bacteroidia,Bacteroidales,Prevotellaceae,Prevotella
OTU0360,Bacteria,Bacteroidota,Bacteroidia,Bacteroidales,Prevotellaceae,Prevotella_7
OTU0322,Bacteria,Bacteroidota,Bacteroidia,Bacteroidales,Prevotellaceae,Prevotella
OTU0283,Bacteria,Bacteroidota,Bacteroidia,Bacteroidales,Prevotellaceae,Prevotellaceae_UCG_004
OTU0345,Bacteria,Bacteroidota,Bacteroidia,Bacteroidales,Prevotellaceae,Prevotella_7
OTU0334,Bacteria,Bacteroidota,Bacteroidia,Bacteroidales,Prevotellaceae,Prevotella
OTU0347,Bacteria,Bacteroidota,Bacteroidia,Bacteroidales,Prevotellaceae,Prevotella_7
OTU0349,Bacteria,Bacteroidota,Bacteroidia,Bacteroidales,Prevotellaceae,Prevotella_7
OTU0326,Bacteria,Bacteroidota,Bacteroidia,Bacteroidales,Prevotellaceae,Prevotella_7
OTU0402,Bacteria,Bacteroidota,Bacteroidia,Bacteroidales,Bacteroidaceae,Bacteroides
OTU0619,Bacteria,Proteobacteria,Gammaproteobacteria,Enterobacterales,Pasteurellaceae,Frederiksenia
OTU1068,Bacteria,Firmicutes,Bacilli,Erysipelotrichales,Erysipelotrichaceae,Holdemania
OTU0871,Bacteria,Proteobacteria,Gammaproteobacteria,Burkholderiales,Hydrogenophilaceae,Tepidiphilus
OTU0633,Bacteria,Proteobacteria,Gammaproteobacteria,Cardiobacteriales,Cardiobacteriaceae,uncultured
OTU0378,Bacteria,Bacteroidota,Bacteroidia,Flavobacteriales,Flavobacteriaceae,Flavobacterium
OTU0376,Bacteria,Bacteroidota,Bacteroidia,Flavobacteriales,Flavobacteriaceae,Flavobacterium
OTU1120,Bacteria,Firmicutes,Clostridia,Lachnospirales,Lachnospiraceae,Anaerostipes
OTU0463,Bacteria,Bacteroidota,Bacteroidia,Bacteroidales,Muribaculaceae,NA
OTU1143,Bacteria,Firmicutes,Clostridia,Lachnospirales,Lachnospiraceae,Catonella
OTU1162,Bacteria,Firmicutes,Clostridia,Lachnospirales,Lachnospiraceae,Eisenbergiella
OTU1052,Bacteria,Bacteroidota,Bacteroidia,Cytophagales,Cytophagaceae,Cytophaga
OTU0431,Bacteria,Bacteroidota,Bacteroidia,Flavobacteriales,Flavobacteriaceae,Capnocytophaga
OTU0434,Bacteria,Bacteroidota,Bacteroidia,Flavobacteriales,Flavobacteriaceae,Capnocytophaga
OTU0426,Bacteria,Bacteroidota,Bacteroidia,Bacteroidales,Rikenellaceae,Rikenellaceae_RC9_gut_group
OTU1157,Bacteria,Firmicutes,Clostridia,Lachnospirales,Lachnospiraceae,Dorea
OTU0568,Bacteria,Bacteroidota,Bacteroidia,Chitinophagales,Chitinophagaceae,Sediminibacterium
OTU0875,Bacteria,Proteobacteria,Gammaproteobacteria,Burkholderiales,Sutterellaceae,Parasutterella
OTU1279,Bacteria,Firmicutes,Clostridia,Peptostreptococcales_Tissierellales,Family_XI,Peptoniphilus
OTU1297,Bacteria,Firmicutes,Clostridia,Peptostreptococcales_Tissierellales,Family_XI,Peptoniphilus
OTU0447,Bacteria,Bacteroidota,Bacteroidia,Bacteroidales,Bacteroidales_Incertae_Sedis,Phocaeicola
OTU0844,Bacteria,Actinobacteriota,Actinobacteria,Bifidobacteriales,Bifidobacteriaceae,Alloscardovia
OTU0701,Bacteria,Firmicutes,Clostridia,Peptostreptococcales_Tissierellales,Family_XI,Anaerococcus
OTU1303,Bacteria,Firmicutes,Clostridia,Peptostreptococcales_Tissierellales,Family_XI,Anaerococcus
OTU0386,Bacteria,Bacteroidota,Bacteroidia,Sphingobacteriales,Sphingobacteriaceae,Sphingobacterium
OTU0410,Bacteria,Bacteroidota,Bacteroidia,Sphingobacteriales,Sphingobacteriaceae,Sphingobacterium
OTU0387,Bacteria,Bacteroidota,Bacteroidia,Sphingobacteriales,Sphingobacteriaceae,Sphingobacterium
OTU0510,Bacteria,Bacteroidota,Bacteroidia,Bacteroidales,Rikenellaceae,Alistipes
OTU0413,Bacteria,Bacteroidota,Bacteroidia,Bacteroidales,Rikenellaceae,Alistipes
OTU0058,Bacteria,Firmicutes,Clostridia,Peptostreptococcales_Tissierellales,Family_XI,Anaerosalibacter
OTU0414,Bacteria,Bacteroidota,Bacteroidia,Bacteroidales,Marinifilaceae,Odoribacter
OTU0772,Bacteria,Actinobacteriota,Actinobacteria,Bifidobacteriales,Bifidobacteriaceae,Gardnerella
OTU0884,Bacteria,Actinobacteriota,Actinobacteria,Corynebacteriales,Nocardiaceae,Gordonia
OTU0384,Bacteria,Bacteroidota,Bacteroidia,Sphingobacteriales,Sphingobacteriaceae,Pedobacter
OTU0382,Bacteria,Bacteroidota,Bacteroidia,Sphingobacteriales,Sphingobacteriaceae,Arcticibacter
OTU0515,Bacteria,Proteobacteria,Alphaproteobacteria,Sphingomonadales,Sphingomonadaceae,Sphingobium
OTU0502,Bacteria,Bacteroidota,Bacteroidia,Bacteroidales,Tannerellaceae,Tannerella
OTU0881,Bacteria,Actinobacteriota,Actinobacteria,Micrococcales,Micrococcaceae,Micrococcus
OTU0847,Bacteria,Actinobacteriota,Actinobacteria,Bifidobacteriales,Bifidobacteriaceae,Parascardovia
OTU0583,Bacteria,Bacteroidota,Bacteroidia,Bacteroidales,Prevotellaceae,Alloprevotella
OTU0751,Bacteria,Firmicutes,Clostridia,Oscillospirales,Ruminococcaceae,Anaerotruncus
OTU0602,Bacteria,Bacteroidota,Bacteroidia,Cytophagales,Cyclobacteriaceae,Cesiribacter
OTU0234,Bacteria,Proteobacteria,Alphaproteobacteria,Rhizobiales,Beijerinckiaceae,Methylobacterium_Methylorubrum
OTU0233,Bacteria,Proteobacteria,Alphaproteobacteria,Rhizobiales,Beijerinckiaceae,Methylobacterium_Methylorubrum
OTU0237,Bacteria,Proteobacteria,Alphaproteobacteria,Rhizobiales,Beijerinckiaceae,Methylobacterium_Methylorubrum
OTU0837,Bacteria,Actinobacteriota,Actinobacteria,Frankiales,Geodermatophilaceae,Modestobacter
OTU0589,Bacteria,Bacteroidota,Bacteroidia,Flavobacteriales,Weeksellaceae,Chryseobacterium
OTU0587,Bacteria,Bacteroidota,Bacteroidia,Flavobacteriales,Weeksellaceae,Chryseobacterium
OTU0588,Bacteria,Bacteroidota,Bacteroidia,Flavobacteriales,Weeksellaceae,Chryseobacterium
OTU0591,Bacteria,Bacteroidota,Bacteroidia,Flavobacteriales,Weeksellaceae,Chryseobacterium
OTU0390,Bacteria,Bacteroidota,Bacteroidia,Sphingobacteriales,Sphingobacteriaceae,Mucilaginibacter
OTU0741,Bacteria,Synergistota,Synergistia,Synergistales,Synergistaceae,Pyramidobacter
OTU0524,Bacteria,Deinococcota,Deinococci,Thermales,Thermaceae,Thermus
OTU0551,Bacteria,Campylobacterota,Campylobacteria,Campylobacterales,Helicobacteraceae,Helicobacter
OTU1316,Bacteria,Firmicutes,Clostridia,Peptostreptococcales_Tissierellales,Family_XI,Finegoldia
OTU1317,Bacteria,Firmicutes,Clostridia,Peptostreptococcales_Tissierellales,Family_XI,Ezakiella
OTU0606,Bacteria,Bacteroidota,Bacteroidia,Cytophagales,Hymenobacteraceae,Adhaeribacter
OTU0779,Bacteria,Actinobacteriota,Actinobacteria,Micrococcales,Dermabacteraceae,Brachybacterium
OTU1128,Bacteria,Firmicutes,Clostridia,Peptostreptococcales_Tissierellales,Anaerovoracaceae,Mogibacterium
OTU1339,Bacteria,Actinobacteriota,Coriobacteriia,Coriobacteriales,Atopobiaceae,Atopobium
OTU0546,Bacteria,Deinococcota,Deinococci,Deinococcales,Deinococcaceae,Deinococcus
OTU0547,Bacteria,Deinococcota,Deinococci,Deinococcales,Deinococcaceae,Deinococcus
OTU1338,Bacteria,Fusobacteriota,Fusobacteriia,Fusobacteriales,Fusobacteriaceae,Fusobacterium
OTU1341,Bacteria,Fusobacteriota,Fusobacteriia,Fusobacteriales,Fusobacteriaceae,Fusobacterium
OTU1350,Bacteria,Fusobacteriota,Fusobacteriia,Fusobacteriales,Fusobacteriaceae,Fusobacterium
OTU1351,Bacteria,Fusobacteriota,Fusobacteriia,Fusobacteriales,Fusobacteriaceae,Fusobacterium
OTU0814,Bacteria,Actinobacteriota,Actinobacteria,Propionibacteriales,Nocardioidaceae,Aeromicrobium
OTU0552,Bacteria,Campylobacterota,Campylobacteria,Campylobacterales,Arcobacteraceae,Arcobacter
OTU0393,Bacteria,Bacteroidota,Bacteroidia,Flavobacteriales,Flavobacteriaceae,Myroides
OTU0585,Bacteria,Bacteroidota,Bacteroidia,Flavobacteriales,Weeksellaceae,Elizabethkingia
OTU0239,Bacteria,Proteobacteria,Alphaproteobacteria,Rhizobiales,Xanthobacteraceae,Bradyrhizobium
OTU1365,Bacteria,Fusobacteriota,Fusobacteriia,Fusobacteriales,Leptotrichiaceae,Sneathia
OTU1358,Bacteria,Fusobacteriota,Fusobacteriia,Fusobacteriales,Leptotrichiaceae,Leptotrichia
OTU1354,Bacteria,Fusobacteriota,Fusobacteriia,Fusobacteriales,Leptotrichiaceae,Leptotrichia
OTU1360,Bacteria,Fusobacteriota,Fusobacteriia,Fusobacteriales,Leptotrichiaceae,Leptotrichia
OTU1347,Bacteria,Fusobacteriota,Fusobacteriia,Fusobacteriales,Leptotrichiaceae,Leptotrichia
OTU0642,Bacteria,Bacteroidota,Bacteroidia,Cytophagales,Spirosomaceae,Dyadobacter
OTU1254,Bacteria,Actinobacteriota,Coriobacteriia,Coriobacteriales,Eggerthellaceae,Cryptobacterium
OTU0663,Bacteria,Proteobacteria,Alphaproteobacteria,Sphingomonadales,Sphingomonadaceae,Sphingomonas
OTU0514,Bacteria,Proteobacteria,Alphaproteobacteria,Sphingomonadales,Sphingomonadaceae,Sphingomonas
OTU0733,Bacteria,Actinobacteriota,Coriobacteriia,Coriobacteriales,Eggerthellaceae,Eggerthella
OTU0676,Bacteria,Bacteroidota,Bacteroidia,Bacteroidales,Marinifilaceae,Butyricimonas
OTU0270,Bacteria,Proteobacteria,Alphaproteobacteria,Azospirillales,Azospirillaceae,Azospirillum
OTU0226,Bacteria,Proteobacteria,Alphaproteobacteria,Rhodospirillales,uncultured,NA
OTU0273,Bacteria,Proteobacteria,Alphaproteobacteria,Azospirillales,Azospirillaceae,Skermanella
OTU1072,Bacteria,Firmicutes,Bacilli,Erysipelotrichales,Erysipelotrichaceae,Bulleidia
OTU0653,Bacteria,Proteobacteria,Alphaproteobacteria,Rhodobacterales,Rhodobacteraceae,Paracoccus
OTU1138,Bacteria,Firmicutes,Clostridia,Lachnospirales,Lachnospiraceae,Moryella
OTU0246,Bacteria,Proteobacteria,Alphaproteobacteria,Acetobacterales,Acetobacteraceae,Gluconobacter
OTU0631,Bacteria,Deinococcota,Deinococci,Thermales,Thermaceae,Meiothermus
OTU0231,Bacteria,Proteobacteria,Alphaproteobacteria,Rhizobiales,Beijerinckiaceae,Bosea
OTU0415,Bacteria,Cyanobacteria,Cyanobacteriia,Cyanobacteriales,Chroococcidiopsaceae,Chroococcidiopsis_PCC_7203
OTU0267,Bacteria,Proteobacteria,Alphaproteobacteria,Rhizobiales,Rhizobiaceae,Aliihoeflea
OTU0811,Bacteria,Proteobacteria,Gammaproteobacteria,Burkholderiales,Burkholderiaceae,Ralstonia
OTU1362,Bacteria,Patescibacteria,Gracilibacteria,JGI_0000069_P22,NA,NA
OTU1363,Bacteria,Patescibacteria,Gracilibacteria,JGI_0000069_P22,NA,NA
OTU0279,Bacteria,Patescibacteria,Gracilibacteria,NA,NA,NA
OTU0799,Bacteria,Firmicutes,Clostridia,Eubacteriales,Eubacteriaceae,Pseudoramibacter
OTU0259,Bacteria,Proteobacteria,Alphaproteobacteria,Caulobacterales,Caulobacteraceae,PMMR1
OTU0249,Bacteria,Proteobacteria,Alphaproteobacteria,Caulobacterales,Caulobacteraceae,Caulobacter
OTU0261,Bacteria,Proteobacteria,Alphaproteobacteria,Rhizobiales,Xanthobacteraceae,Ancylobacter
OTU0275,Bacteria,Proteobacteria,Alphaproteobacteria,Rhizobiales,Devosiaceae,Devosia
OTU0263,Bacteria,Proteobacteria,Alphaproteobacteria,Rhizobiales,Rhizobiaceae,Ensifer
OTU0266,Bacteria,Proteobacteria,Alphaproteobacteria,Rhizobiales,Rhizobiaceae,Aureimonas
OTU0255,Bacteria,Proteobacteria,Alphaproteobacteria,Caulobacterales,Caulobacteraceae,Brevundimonas
OTU0190,Bacteria,Proteobacteria,Alphaproteobacteria,Rhizobiales,Hyphomicrobiaceae,Pedomicrobium
OTU0565,Bacteria,Bacteroidota,Bacteroidia,Chitinophagales,Chitinophagaceae,Lacibacter
OTU0953,Bacteria,Firmicutes,Clostridia,Oscillospirales,Oscillospiraceae,Intestinimonas
OTU0082,Bacteria,Planctomycetota,Planctomycetes,Isosphaerales,Isosphaeraceae,Singulisphaera
OTU0569,Bacteria,Bacteroidota,Bacteroidia,Chitinophagales,Chitinophagaceae,Flavitalea
OTU1284,Bacteria,Firmicutes,Bacilli,Bacillales,Bacillaceae,Pseudogracilibacillus
OTU0251,Bacteria,Proteobacteria,Alphaproteobacteria,Caulobacterales,Caulobacteraceae,Asticcacaulis
OTU0141,Bacteria,Proteobacteria,Gammaproteobacteria,Pseudomonadales,Moraxellaceae,Faucicola
OTU0972,Bacteria,Firmicutes,Negativicutes,Veillonellales_Selenomonadales,Veillonellaceae,Anaeroglobus
OTU0897,Bacteria,Actinobacteriota,Actinobacteria,Micrococcales,Dermacoccaceae,Dermacoccus
OTU0827,Bacteria,Proteobacteria,Gammaproteobacteria,Burkholderiales,Oxalobacteraceae,Janthinobacterium
OTU1114,Bacteria,Firmicutes,Clostridia,Lachnospirales,Lachnospiraceae,Johnsonella
OTU0728,Bacteria,Synergistota,Synergistia,Synergistales,Synergistaceae,Jonquetella
OTU0748,Bacteria,Firmicutes,Clostridia,Oscillospirales,Hydrogenoanaerobacterium,NA
OTU0856,Bacteria,Proteobacteria,Gammaproteobacteria,Burkholderiales,Comamonadaceae,Corticibacter
OTU0777,Bacteria,Actinobacteriota,Actinobacteria,Micrococcales,Micrococcaceae,Kocuria
OTU1343,Bacteria,Firmicutes,Bacilli,Lactobacillales,Lactobacillaceae,Leuconostoc
OTU1040,Bacteria,Firmicutes,Bacilli,Lactobacillales,Lactobacillaceae,Lactobacillus
OTU0958,Bacteria,Firmicutes,Bacilli,Lactobacillales,Lactobacillaceae,Limosilactobacillus
OTU0965,Bacteria,Firmicutes,Bacilli,Lactobacillales,Lactobacillaceae,Limosilactobacillus
OTU0960,Bacteria,Firmicutes,Bacilli,Lactobacillales,Lactobacillaceae,Limosilactobacillus
OTU1041,Bacteria,Firmicutes,Bacilli,Lactobacillales,Lactobacillaceae,Lactobacillus
OTU0961,Bacteria,Firmicutes,Bacilli,Lactobacillales,Lactobacillaceae,Lacticaseibacillus
OTU1046,Bacteria,Firmicutes,Bacilli,Lactobacillales,Lactobacillaceae,Ligilactobacillus
OTU0930,Bacteria,Firmicutes,Bacilli,Lactobacillales,Lactobacillaceae,Fructilactobacillus
OTU0119,Bacteria,Cyanobacteria,Cyanobacteriia,Chloroplast,NA,NA
OTU0063,Bacteria,Cyanobacteria,Cyanobacteriia,Chloroplast,NA,NA
OTU0027,Archaea,Euryarchaeota,Methanobacteria,Methanobacteriales,Methanobacteriaceae,Methanobrevibacter
OTU0692,Bacteria,Proteobacteria,Alphaproteobacteria,Rickettsiales,Mitochondria,NA
OTU1092,Bacteria,Firmicutes,Negativicutes,Veillonellales_Selenomonadales,Selenomonadaceae,uncultured
OTU0262,Bacteria,Proteobacteria,Alphaproteobacteria,Rhizobiales,Beijerinckiaceae,Microvirga
OTU0143,Bacteria,Proteobacteria,Gammaproteobacteria,Pseudomonadales,Moraxellaceae,Enhydrobacter
OTU0851,Bacteria,Proteobacteria,Gammaproteobacteria,Burkholderiales,Neisseriaceae,Neisseria
OTU0854,Bacteria,Proteobacteria,Gammaproteobacteria,Burkholderiales,Neisseriaceae,Kingella
OTU0900,Bacteria,Actinobacteriota,Actinobacteria,Propionibacteriales,Nocardioidaceae,Nocardioides
OTU0813,Bacteria,Actinobacteriota,Actinobacteria,Streptosporangiales,Nocardiopsaceae,Nocardiopsis
OTU0990,Bacteria,Firmicutes,Negativicutes,Veillonellales_Selenomonadales,Veillonellaceae,Negativicoccus
OTU0248,Bacteria,Proteobacteria,Alphaproteobacteria,Caulobacterales,Caulobacteraceae,Brevundimonas
OTU0062,Bacteria,Cyanobacteria,Cyanobacteriia,Chloroplast,NA,NA
OTU0494,Bacteria,Bacteroidota,Bacteroidia,Bacteroidales,Marinifilaceae,Odoribacter
OTU1149,Bacteria,Firmicutes,Clostridia,Lachnospirales,Lachnospiraceae,Oribacterium
OTU0872,Bacteria,Proteobacteria,Gammaproteobacteria,Burkholderiales,Alcaligenaceae,Oligella
OTU1133,Bacteria,Actinobacteriota,Coriobacteriia,Coriobacteriales,Atopobiaceae,Olsenella
OTU1251,Bacteria,Actinobacteriota,Coriobacteriia,Coriobacteriales,Atopobiaceae,Olsenella
OTU0098,Bacteria,Proteobacteria,Alphaproteobacteria,Rickettsiales,Mitochondria,NA
OTU1281,Bacteria,Firmicutes,Bacilli,Thermoactinomycetales,Thermoactinomycetaceae,Planifilum
OTU0064,Bacteria,Cyanobacteria,Cyanobacteriia,Chloroplast,NA,NA
OTU0264,Bacteria,Proteobacteria,Alphaproteobacteria,Rhizobiales,Rhizobiaceae,Allorhizobium_Neorhizobium_Pararhizobium_Rhizobium
OTU0274,Bacteria,Proteobacteria,Alphaproteobacteria,Rhizobiales,Rhizobiaceae,Allorhizobium_Neorhizobium_Pararhizobium_Rhizobium
OTU0833,Bacteria,Actinobacteriota,Actinobacteria,Corynebacteriales,Nocardiaceae,Rhodococcus
OTU0890,Bacteria,Actinobacteriota,Actinobacteria,Corynebacteriales,Nocardiaceae,Rhodococcus
OTU0272,Bacteria,Proteobacteria,Alphaproteobacteria,Azospirillales,Azospirillaceae,Nitrospirillum
OTU0240,Bacteria,Proteobacteria,Alphaproteobacteria,Rhizobiales,Xanthobacteraceae,Rhodopseudomonas
OTU0869,Bacteria,Proteobacteria,Gammaproteobacteria,Burkholderiales,Burkholderiaceae,Cupriavidus
OTU0015,Bacteria,Firmicutes,Clostridia,Oscillospirales,Ruminococcaceae,UBA1819
OTU0257,Bacteria,Proteobacteria,Alphaproteobacteria,Acetobacterales,Acetobacteraceae,Roseomonas
OTU0256,Bacteria,Proteobacteria,Alphaproteobacteria,Acetobacterales,Acetobacteraceae,Roseomonas
OTU1088,Bacteria,Firmicutes,Negativicutes,Acidaminococcales,Acidaminococcaceae,Phascolarctobacterium
OTU0607,Bacteria,Bacteroidota,Bacteroidia,Cytophagales,Hymenobacteraceae,Rufibacter
OTU0866,Bacteria,Proteobacteria,Gammaproteobacteria,Burkholderiales,Rhodocyclaceae,uncultured
OTU0085,Bacteria,Proteobacteria,Alphaproteobacteria,Reyranellales,Reyranellaceae,Reyranella
OTU0910,Bacteria,Firmicutes,Bacilli,Lactobacillales,Streptococcaceae,Streptococcus
OTU0913,Bacteria,Firmicutes,Bacilli,Lactobacillales,Streptococcaceae,Streptococcus
OTU0919,Bacteria,Firmicutes,Bacilli,Lactobacillales,Streptococcaceae,Streptococcus
OTU0916,Bacteria,Firmicutes,Bacilli,Lactobacillales,Streptococcaceae,Streptococcus
OTU0920,Bacteria,Firmicutes,Bacilli,Lactobacillales,Streptococcaceae,Streptococcus
OTU0914,Bacteria,Firmicutes,Bacilli,Lactobacillales,Streptococcaceae,Streptococcus
OTU1253,Bacteria,Actinobacteriota,Coriobacteriia,Coriobacteriales,Eggerthellaceae,Slackia
OTU1308,Bacteria,Firmicutes,Clostridia,Lachnospirales,Lachnospiraceae,Shuttleworthia
OTU0848,Bacteria,Actinobacteriota,Actinobacteria,Bifidobacteriales,Bifidobacteriaceae,Scardovia
OTU0101,Bacteria,Proteobacteria,Alphaproteobacteria,Rickettsiales,Mitochondria,NA
OTU0097,Bacteria,Proteobacteria,Alphaproteobacteria,Rickettsiales,Mitochondria,NA
OTU0066,Bacteria,Cyanobacteria,Cyanobacteriia,Chloroplast,NA,NA
OTU0109,Bacteria,Cyanobacteria,Cyanobacteriia,Chloroplast,NA,NA
OTU1176,Bacteria,Firmicutes,Clostridia,Lachnospirales,Lachnospiraceae,Lachnospiraceae_FCS020_group
OTU0820,Bacteria,Proteobacteria,Gammaproteobacteria,Burkholderiales,Comamonadaceae,Pelomonas
OTU0454,Bacteria,Bacteroidota,Bacteroidia,Bacteroidales,Muribaculaceae,NA
OTU1292,Bacteria,Firmicutes,Clostridia,Peptostreptococcales_Tissierellales,Peptostreptococcaceae,Romboutsia
OTU1006,Bacteria,Firmicutes,Negativicutes,Veillonellales_Selenomonadales,Veillonellaceae,Dialister
OTU1121,Bacteria,Firmicutes,Clostridia,Lachnospirales,Lachnospiraceae,Epulopiscium
OTU0405,Bacteria,Bacteroidota,Bacteroidia,Bacteroidales,Bacteroidaceae,Bacteroides
OTU0379,Bacteria,Bacteroidota,Bacteroidia,Bacteroidales,Bacteroidaceae,Bacteroides
OTU0342,Bacteria,Bacteroidota,Bacteroidia,Bacteroidales,Prevotellaceae,Prevotella
OTU0423,Bacteria,Bacteroidota,Bacteroidia,Bacteroidales,Prolixibacteraceae,WCHB1_32
OTU0003,Bacteria,Firmicutes,Clostridia,Peptococcales,Peptococcaceae,Peptococcus
OTU0252,Bacteria,Proteobacteria,Alphaproteobacteria,Caulobacterales,Caulobacteraceae,Phenylobacterium
OTU0017,Bacteria,Firmicutes,Clostridia,Oscillospirales,Ruminococcaceae,Faecalibacterium
OTU1099,Bacteria,Firmicutes,Bacilli,Lactobacillales,Aerococcaceae,Abiotrophia
OTU0282,Bacteria,Acidobacteriota,Acidobacteriae,Acidobacteriales,Acidobacteriaceae_Subgroup_1_,Bryocella
OTU0525,Bacteria,Bacteroidota,Bacteroidia,Flavobacteriales,Flavobacteriaceae,Flavobacterium
OTU1045,Bacteria,Firmicutes,Bacilli,Lactobacillales,Lactobacillaceae,Lactobacillus
OTU1018,Bacteria,Firmicutes,Clostridia,Clostridiales,Clostridiaceae,Clostridium_sensu_stricto_1
OTU0309,Bacteria,Bacteroidota,Bacteroidia,Bacteroidales,Prevotellaceae,Prevotella
OTU0537,Bacteria,Proteobacteria,Gammaproteobacteria,Pseudomonadales,Cellvibrionaceae,Cellvibrio
OTU0523,Bacteria,Desulfobacterota,Desulfovibrionia,Desulfovibrionales,Desulfovibrionaceae,Desulfovibrio
OTU0293,Bacteria,Bacteroidota,Bacteroidia,Bacteroidales,Prevotellaceae,Alloprevotella
OTU0475,Bacteria,Bacteroidota,Bacteroidia,Bacteroidales,Muribaculaceae,NA
OTU0462,Bacteria,Bacteroidota,Bacteroidia,Bacteroidales,Muribaculaceae,NA
OTU0942,Bacteria,Firmicutes,Bacilli,Staphylococcales,Staphylococcaceae,Salinicoccus
OTU0711,Bacteria,Firmicutes,Negativicutes,Veillonellales_Selenomonadales,Selenomonadaceae,Megamonas
OTU1083,Bacteria,Firmicutes,Negativicutes,Veillonellales_Selenomonadales,Selenomonadaceae,Selenomonas
OTU0469,Bacteria,Bacteroidota,Bacteroidia,Bacteroidales,Muribaculaceae,NA
OTU0616,Bacteria,Proteobacteria,Gammaproteobacteria,Enterobacterales,Pasteurellaceae,Aggregatibacter
OTU0241,Bacteria,Proteobacteria,Alphaproteobacteria,Rhizobiales,Beijerinckiaceae,Psychroglaciecola
OTU0452,Bacteria,Bacteroidota,Bacteroidia,Bacteroidales,Muribaculaceae,NA
OTU0774,Bacteria,Actinobacteriota,Actinobacteria,Actinomycetales,Actinomycetaceae,Actinomyces
OTU1352,Bacteria,Fusobacteriota,Fusobacteriia,Fusobacteriales,Fusobacteriaceae,Fusobacterium
OTU0979,Bacteria,Firmicutes,Clostridia,Oscillospirales,_Eubacterium_coprostanoligenes_group,NA
OTU0344,Bacteria,Bacteroidota,Bacteroidia,Bacteroidales,Prevotellaceae,Prevotella
OTU0323,Bacteria,Bacteroidota,Bacteroidia,Bacteroidales,Prevotellaceae,Prevotella_9
OTU0459,Bacteria,Bacteroidota,Bacteroidia,Bacteroidales,Muribaculaceae,NA
OTU0354,Bacteria,Bacteroidota,Bacteroidia,Bacteroidales,Prevotellaceae,Prevotella
OTU1321,Bacteria,Firmicutes,Clostridia,Lachnospirales,Lachnospiraceae,Howardella
OTU1199,Bacteria,Firmicutes,Bacilli,RF39,NA,NA
OTU0492,Bacteria,Bacteroidota,Bacteroidia,Bacteroidales,Muribaculaceae,NA
OTU0301,Bacteria,Bacteroidota,Bacteroidia,Bacteroidales,Prevotellaceae,Alloprevotella
OTU0412,Bacteria,Bacteroidota,Bacteroidia,Bacteroidales,Rikenellaceae,Alistipes
OTU0442,Bacteria,Bacteroidota,Bacteroidia,Bacteroidales,Bacteroidaceae,Bacteroides
OTU0314,Bacteria,Bacteroidota,Bacteroidia,Bacteroidales,Prevotellaceae,Prevotella
OTU0388,Bacteria,Bacteroidota,Bacteroidia,Bacteroidales,Rikenellaceae,Alistipes
OTU1187,Bacteria,Firmicutes,Clostridia,Lachnospirales,Lachnospiraceae,Frisingicoccus
OTU0091,Bacteria,Cyanobacteria,Cyanobacteriia,Chloroplast,NA,NA
OTU1145,Bacteria,Firmicutes,Clostridia,Lachnospirales,Lachnospiraceae,Catonella
OTU0509,Bacteria,Bacteroidota,Bacteroidia,Bacteroidales,Rikenellaceae,Alistipes
OTU0734,Bacteria,Firmicutes,Clostridia,Oscillospirales,Oscillospiraceae,uncultured
OTU1119,Bacteria,Firmicutes,Clostridia,Lachnospirales,Lachnospiraceae,Dorea
OTU1247,Bacteria,Firmicutes,Clostridia,Lachnospirales,Lachnospiraceae,Roseburia
OTU0818,Bacteria,Proteobacteria,Gammaproteobacteria,Burkholderiales,Burkholderiaceae,Lautropia
OTU0634,Bacteria,Proteobacteria,Gammaproteobacteria,Cardiobacteriales,Cardiobacteriaceae,Cardiobacterium
OTU0873,Bacteria,Proteobacteria,Gammaproteobacteria,Burkholderiales,Sutterellaceae,Parasutterella
OTU0503,Bacteria,Bacteroidota,Bacteroidia,Bacteroidales,Tannerellaceae,Parabacteroides
OTU1312,Bacteria,Firmicutes,Clostridia,Lachnospirales,Lachnospiraceae,Lachnospira
OTU0495,Bacteria,Bacteroidota,Bacteroidia,Bacteroidales,Porphyromonadaceae,Porphyromonas
OTU1059,Bacteria,Firmicutes,Bacilli,Erysipelotrichales,Erysipelotrichaceae,Faecalibaculum
OTU1336,Bacteria,Firmicutes,Clostridia,Lachnospirales,Lachnospiraceae,Agathobacter
OTU1169,Bacteria,Firmicutes,Clostridia,Lachnospirales,Lachnospiraceae,CAG_56
OTU0422,Bacteria,Bacteroidota,Bacteroidia,Bacteroidales,Prolixibacteraceae,uncultured
OTU1020,Bacteria,Firmicutes,Clostridia,Oscillospirales,Oscillospiraceae,NK4A214_group
OTU0482,Bacteria,Bacteroidota,Bacteroidia,Bacteroidales,Porphyromonadaceae,Porphyromonas
OTU1144,Bacteria,Firmicutes,Clostridia,Lachnospirales,Lachnospiraceae,Lachnospiraceae_UCG_001
OTU1330,Bacteria,Firmicutes,Clostridia,Lachnospirales,Lachnospiraceae,_Ruminococcus_torques_group
OTU1148,Bacteria,Firmicutes,Clostridia,Lachnospirales,Lachnospiraceae,Blautia
OTU1154,Bacteria,Firmicutes,Clostridia,Lachnospirales,Lachnospiraceae,Lachnospiraceae_NK4A136_group
OTU1025,Bacteria,Firmicutes,Clostridia,Oscillospirales,Oscillospiraceae,uncultured
OTU0933,Bacteria,Firmicutes,Bacilli,Erysipelotrichales,Erysipelotrichaceae,_Clostridium_innocuum_group
OTU1155,Bacteria,Firmicutes,Clostridia,Lachnospirales,Lachnospiraceae,Fusicatenibacter
OTU1024,Bacteria,Firmicutes,Clostridia,Oscillospirales,Oscillospiraceae,Oscillibacter
OTU0745,Bacteria,Firmicutes,Clostridia,Christensenellales,Christensenellaceae,uncultured
OTU1029,Bacteria,Firmicutes,Clostridia,Oscillospirales,Oscillospiraceae,UCG_002
OTU1314,Bacteria,Firmicutes,Clostridia,Lachnospirales,Lachnospiraceae,_Eubacterium_hallii_group
OTU1161,Bacteria,Firmicutes,Clostridia,Lachnospirales,Lachnospiraceae,Blautia
OTU1170,Bacteria,Firmicutes,Clostridia,Lachnospirales,Lachnospiraceae,uncultured
OTU1258,Bacteria,Firmicutes,Bacilli,RF39,NA,NA
OTU1056,Bacteria,Firmicutes,Bacilli,Erysipelotrichales,Erysipelatoclostridiaceae,Catenibacterium
OTU0594,Bacteria,Bacteroidota,Bacteroidia,Flavobacteriales,Weeksellaceae,Bergeyella
OTU0562,Bacteria,Bacteroidota,Bacteroidia,Chitinophagales,Saprospiraceae,uncultured
OTU0784,Bacteria,Actinobacteriota,Actinobacteria,Micrococcales,Micrococcaceae,Rothia
OTU1244,Bacteria,Firmicutes,Clostridia,Peptostreptococcales_Tissierellales,Anaerovoracaceae,Family_XIII_AD3011_group
OTU0763,Bacteria,Firmicutes,Clostridia,Oscillospirales,Ruminococcaceae,DTU089
OTU1151,Bacteria,Firmicutes,Clostridia,Lachnospirales,Lachnospiraceae,Blautia
OTU1060,Bacteria,Firmicutes,Bacilli,Erysipelotrichales,Erysipelotrichaceae,Dubosiella
OTU0716,Bacteria,Firmicutes,Clostridia,Oscillospirales,Butyricicoccaceae,Butyricicoccus
OTU1003,Bacteria,Firmicutes,Bacilli,Bacillales,Planococcaceae,Lysinibacillus
OTU1071,Bacteria,Firmicutes,Bacilli,Erysipelotrichales,Erysipelotrichaceae,Solobacterium
OTU0788,Bacteria,Actinobacteriota,Actinobacteria,Actinomycetales,Actinomycetaceae,F0332
OTU1331,Bacteria,Firmicutes,Clostridia,Lachnospirales,Lachnospiraceae,Lachnospiraceae_UCG_008
OTU1181,Bacteria,Firmicutes,Clostridia,Lachnospirales,Lachnospiraceae,Lachnospiraceae_UCG_008
OTU1123,Bacteria,Firmicutes,Clostridia,Peptostreptococcales_Tissierellales,Anaerovoracaceae,_Eubacterium_nodatum_group
OTU1298,Bacteria,Firmicutes,Clostridia,Peptostreptococcales_Tissierellales,Family_XI,Peptoniphilus
OTU0174,Bacteria,Firmicutes,Clostridia,Clostridia_UCG_014,NA,NA
OTU1282,Bacteria,Firmicutes,Bacilli,Bacillales,Bacillaceae,Virgibacillus
OTU0722,Bacteria,Firmicutes,Clostridia,Oscillospirales,Ruminococcaceae,Incertae_Sedis
OTU1158,Bacteria,Firmicutes,Clostridia,Lachnospirales,Lachnospiraceae,Lachnospiraceae_NK4A136_group
OTU1160,Bacteria,Firmicutes,Clostridia,Lachnospirales,Lachnospiraceae,Lachnospiraceae_NK4A136_group
OTU1032,Bacteria,Firmicutes,Clostridia,Oscillospirales,Oscillospiraceae,UCG_005
OTU1203,Bacteria,Firmicutes,Clostridia,Christensenellales,Christensenellaceae,Christensenellaceae_R_7_group
OTU1153,Bacteria,Firmicutes,Clostridia,Lachnospirales,Lachnospiraceae,Blautia
OTU1268,Bacteria,Firmicutes,Clostridia,Oscillospirales,UCG_011,NA
OTU1276,Bacteria,Firmicutes,Clostridia,Christensenellales,Christensenellaceae,Christensenellaceae_R_7_group
OTU1164,Bacteria,Firmicutes,Clostridia,Lachnospirales,Lachnospiraceae,Lachnospiraceae_NK4A136_group
OTU1173,Bacteria,Firmicutes,Clostridia,Lachnospirales,Lachnospiraceae,uncultured
OTU1122,Bacteria,Firmicutes,Clostridia,Lachnospirales,Lachnospiraceae,Anaerostipes
OTU0430,Bacteria,Bacteroidota,Bacteroidia,Flavobacteriales,Flavobacteriaceae,Capnocytophaga
OTU1204,Bacteria,Actinobacteriota,Thermoleophilia,Solirubrobacterales,Solirubrobacteraceae,Solirubrobacter
OTU0686,Bacteria,Cyanobacteria,Vampirivibrionia,Gastranaerophilales,NA,NA
OTU1139,Bacteria,Firmicutes,Clostridia,Lachnospirales,Lachnospiraceae,Stomatobaculum
OTU0725,Bacteria,Firmicutes,Clostridia,Oscillospirales,Ruminococcaceae,Ruminococcus
OTU0921,Bacteria,Patescibacteria,Gracilibacteria,Absconditabacteriales_SR1_,NA,NA
OTU0285,Bacteria,Bacteroidota,Bacteroidia,Bacteroidales,Prevotellaceae,Paraprevotella
OTU0016,Bacteria,Firmicutes,Clostridia,Oscillospirales,Ruminococcaceae,Subdoligranulum
OTU1159,Bacteria,Firmicutes,Clostridia,Lachnospirales,Lachnospiraceae,uncultured
OTU1353,Bacteria,Fusobacteriota,Fusobacteriia,Fusobacteriales,Leptotrichiaceae,Leptotrichia
OTU0397,Bacteria,Bacteroidota,Bacteroidia,Bacteroidales,Bacteroidaceae,Bacteroides
OTU1345,Bacteria,Fusobacteriota,Fusobacteriia,Fusobacteriales,Leptotrichiaceae,Leptotrichia
OTU0749,Bacteria,Firmicutes,Clostridia,Oscillospirales,Ruminococcaceae,Ruminococcus
OTU1095,Bacteria,Firmicutes,Clostridia,Clostridiales,Clostridiaceae,Clostridium_sensu_stricto_1
OTU0305,Bacteria,Bacteroidota,Bacteroidia,Bacteroidales,Prevotellaceae,Alloprevotella
OTU0823,Bacteria,Proteobacteria,Gammaproteobacteria,Burkholderiales,Sutterellaceae,Sutterella
OTU0018,Bacteria,Firmicutes,Clostridia,Oscillospirales,Ruminococcaceae,Faecalibacterium
OTU0754,Bacteria,Firmicutes,Clostridia,Oscillospirales,Ruminococcaceae,Ruminococcus
OTU0868,Bacteria,Proteobacteria,Gammaproteobacteria,Burkholderiales,B1_7BS,NA
OTU0014,Bacteria,Firmicutes,Clostridia,Oscillospirales,Ruminococcaceae,Subdoligranulum
OTU1249,Bacteria,Actinobacteriota,Coriobacteriia,Coriobacteriales,Coriobacteriaceae,Collinsella
OTU1359,Bacteria,Fusobacteriota,Fusobacteriia,Fusobacteriales,Leptotrichiaceae,Leptotrichia
OTU0928,Bacteria,Firmicutes,Bacilli,Lactobacillales,Carnobacteriaceae,Marinilactibacillus
OTU0564,Bacteria,Bacteroidota,Bacteroidia,Chitinophagales,Chitinophagaceae,Flavisolibacter
OTU0746,Bacteria,Firmicutes,Clostridia,Oscillospirales,Ruminococcaceae,Ruminococcus
OTU1125,Bacteria,Firmicutes,Clostridia,Peptostreptococcales_Tissierellales,Anaerovoracaceae,_Eubacterium_nodatum_group
OTU0513,Bacteria,Proteobacteria,Alphaproteobacteria,Sphingomonadales,Sphingomonadaceae,Sphingomonas
OTU0507,Bacteria,Bacteroidota,Bacteroidia,Flavobacteriales,Flavobacteriaceae,Capnocytophaga
OTU0927,Bacteria,Firmicutes,Bacilli,Lactobacillales,Carnobacteriaceae,Alloiococcus
OTU1201,Bacteria,Actinobacteriota,Thermoleophilia,Gaiellales,Gaiellaceae,Gaiella
OTU0876,Bacteria,Proteobacteria,Gammaproteobacteria,Burkholderiales,Neisseriaceae,uncultured
OTU1266,Bacteria,Firmicutes,Bacilli,Thermicanales,Thermicanaceae,Thermicanus
OTU1355,Bacteria,Fusobacteriota,Fusobacteriia,Fusobacteriales,Leptotrichiaceae,Leptotrichia
OTU0136,Bacteria,Bdellovibrionota,Oligoflexia,0319_6G20,NA,NA
OTU1027,Bacteria,Firmicutes,Clostridia,Oscillospirales,Oscillospiraceae,UCG_002
OTU0902,Bacteria,Actinobacteriota,Actinobacteria,Corynebacteriales,Corynebacteriaceae,Turicella
OTU1300,Bacteria,Actinobacteriota,Thermoleophilia,Solirubrobacterales,67_14,NA
OTU0830,Bacteria,Proteobacteria,Gammaproteobacteria,Burkholderiales,Neisseriaceae,uncultured
OTU0822,Bacteria,Proteobacteria,Gammaproteobacteria,Burkholderiales,Alcaligenaceae,Pigmentiphaga
OTU0556,Bacteria,Campylobacterota,Campylobacteria,Campylobacterales,Campylobacteraceae,Campylobacter
OTU0954,Bacteria,Firmicutes,Clostridia,Oscillospirales,Oscillospiraceae,Flavonifractor
OTU0317,Bacteria,Bacteroidota,Bacteroidia,Bacteroidales,Prevotellaceae,Alloprevotella
OTU0176,Bacteria,Firmicutes,Bacilli,Acholeplasmatales,Acholeplasmataceae,Acholeplasma
OTU0612,Bacteria,Desulfobacterota,Desulfobulbia,Desulfobulbales,Desulfobulbaceae,Desulfobulbus
OTU1293,Bacteria,Firmicutes,Clostridia,Peptostreptococcales_Tissierellales,Peptostreptococcaceae,Intestinibacter
OTU0407,Bacteria,Bacteroidota,Bacteroidia,Bacteroidales,Dysgonomonadaceae,Proteiniphilum
OTU0084,Bacteria,Proteobacteria,Alphaproteobacteria,Reyranellales,Reyranellaceae,Reyranella
OTU1118,Bacteria,Firmicutes,Clostridia,Lachnospirales,Lachnospiraceae,Tyzzerella
OTU0846,Bacteria,Actinobacteriota,Actinobacteria,Corynebacteriales,Corynebacteriaceae,Corynebacterium
OTU0312,Bacteria,Bacteroidota,Bacteroidia,Bacteroidales,Prevotellaceae,Prevotella
OTU0056,Bacteria,Actinobacteriota,Acidimicrobiia,Microtrichales,uncultured,NA
OTU0313,Bacteria,Bacteroidota,Bacteroidia,Bacteroidales,Prevotellaceae,Prevotella
OTU0327,Bacteria,Bacteroidota,Bacteroidia,Bacteroidales,Prevotellaceae,Prevotella
OTU0576,Bacteria,Bacteroidota,Bacteroidia,Chitinophagales,Chitinophagaceae,Flavisolibacter
OTU0304,Bacteria,Bacteroidota,Bacteroidia,Bacteroidales,Prevotellaceae,Alloprevotella
OTU0436,Bacteria,Bacteroidota,Bacteroidia,Bacteroidales,Porphyromonadaceae,Porphyromonas
OTU1310,Bacteria,Firmicutes,Clostridia,Lachnospirales,Lachnospiraceae,Lachnospira
OTU0824,Bacteria,Proteobacteria,Gammaproteobacteria,Burkholderiales,Sutterellaceae,Sutterella
OTU0506,Bacteria,Bacteroidota,Bacteroidia,Flavobacteriales,Flavobacteriaceae,Capnocytophaga
OTU0335,Bacteria,Bacteroidota,Bacteroidia,Bacteroidales,Prevotellaceae,Prevotella_7
OTU0099,Bacteria,Proteobacteria,Gammaproteobacteria,Burkholderiales,Neisseriaceae,Neisseria
OTU1076,Bacteria,Firmicutes,Clostridia,Oscillospirales,Oscillospiraceae,NK4A214_group
OTU1037,Bacteria,Firmicutes,Clostridia,Oscillospirales,Hungateiclostridiaceae,Ruminiclostridium
OTU0575,Bacteria,Bacteroidota,Bacteroidia,Chitinophagales,Chitinophagaceae,Puia
OTU0302,Bacteria,Bacteroidota,Bacteroidia,Bacteroidales,Prevotellaceae,Alloprevotella
OTU1267,Bacteria,Firmicutes,Clostridia,Christensenellales,Christensenellaceae,Christensenellaceae_R_7_group
OTU0826,Bacteria,Proteobacteria,Gammaproteobacteria,Burkholderiales,Burkholderiaceae,Robbsia
OTU0209,Bacteria,Proteobacteria,Gammaproteobacteria,Xanthomonadales,Xanthomonadaceae,Lysobacter
OTU1142,Bacteria,Firmicutes,Clostridia,Lachnospirales,Lachnospiraceae,Roseburia
OTU0755,Bacteria,Firmicutes,Clostridia,Oscillospirales,Ruminococcaceae,Anaerotruncus
OTU0511,Bacteria,Bacteroidota,Bacteroidia,Bacteroidales,Rikenellaceae,Alistipes
OTU1167,Bacteria,Firmicutes,Clostridia,Lachnospirales,Lachnospiraceae,Johnsonella
OTU1062,Bacteria,Firmicutes,Bacilli,Erysipelotrichales,Erysipelotrichaceae,Holdemanella
OTU1165,Bacteria,Firmicutes,Clostridia,Lachnospirales,Lachnospiraceae,Marvinbryantia
OTU0128,Bacteria,Proteobacteria,Gammaproteobacteria,Pseudomonadales,Moraxellaceae,Moraxella
OTU0785,Bacteria,Actinobacteriota,Actinobacteria,Micrococcales,Micrococcaceae,Rothia
OTU0861,Bacteria,Proteobacteria,Gammaproteobacteria,Burkholderiales,Comamonadaceae,Acidovorax
OTU0950,Bacteria,Firmicutes,Clostridia,Oscillospirales,Oscillospiraceae,Oscillibacter
OTU1109,Bacteria,Firmicutes,Clostridia,Peptostreptococcales_Tissierellales,Peptostreptococcaceae,uncultured
OTU0596,Bacteria,Proteobacteria,Gammaproteobacteria,Cardiobacteriales,Cardiobacteriaceae,uncultured
OTU0290,Bacteria,Fusobacteriota,Fusobacteriia,Fusobacteriales,Leptotrichiaceae,Leptotrichia
OTU0864,Bacteria,Proteobacteria,Gammaproteobacteria,Burkholderiales,Comamonadaceae,Comamonas
OTU0394,Bacteria,Bacteroidota,Bacteroidia,Sphingobacteriales,Lentimicrobiaceae,Lentimicrobium
OTU0694,Bacteria,Firmicutes,Clostridia,Peptostreptococcales_Tissierellales,Family_XI,Anaerococcus
OTU0563,Bacteria,Bacteroidota,Bacteroidia,Flavobacteriales,Weeksellaceae,Bergeyella
OTU0081,Bacteria,Planctomycetota,Planctomycetes,Isosphaerales,Isosphaeraceae,uncultured
OTU1011,Bacteria,Chloroflexi,KD4_96,NA,NA,NA
OTU1291,Bacteria,Firmicutes,Clostridia,Peptostreptococcales_Tissierellales,Family_XI,Murdochiella
OTU0329,Bacteria,Bacteroidota,Bacteroidia,Bacteroidales,Prevotellaceae,Prevotella_9
OTU0904,Bacteria,Actinobacteriota,Actinobacteria,Propionibacteriales,Propionibacteriaceae,Cutibacterium
OTU0766,Bacteria,Firmicutes,Clostridia,Oscillospirales,Ruminococcaceae,CAG_352
OTU0981,Bacteria,Firmicutes,Clostridia,Oscillospirales,Ruminococcaceae,Negativibacillus
OTU1333,Bacteria,Firmicutes,Clostridia,Lachnospirales,Lachnospiraceae,Lachnospiraceae_ND3007_group
OTU0485,Bacteria,Bacteroidota,Bacteroidia,Bacteroidales,Muribaculaceae,NA
OTU0297,Bacteria,Bacteroidota,Bacteroidia,Bacteroidales,Prevotellaceae,Prevotella
OTU0051,Bacteria,Actinobacteriota,Acidimicrobiia,Microtrichales,uncultured,NA
OTU0050,Bacteria,Actinobacteriota,Acidimicrobiia,Microtrichales,Ilumatobacteraceae,uncultured
OTU0071,Bacteria,Myxococcota,Polyangia,Polyangiales,BIrii41,NA
OTU1012,Bacteria,Chloroflexi,Gitt_GS_136,NA,NA,NA
OTU1335,Bacteria,Firmicutes,Clostridia,Lachnospirales,Lachnospiraceae,Coprococcus
OTU0882,Bacteria,Actinobacteriota,Actinobacteria,Corynebacteriales,Corynebacteriaceae,Lawsonella
OTU0179,Bacteria,Firmicutes,Clostridia,Clostridia_UCG_014,NA,NA
OTU0087,Bacteria,Bdellovibrionota,Bdellovibrionia,Bdellovibrionales,Bdellovibrionaceae,Bdellovibrio
OTU1077,Bacteria,Firmicutes,Clostridia,Oscillospirales,Oscillospiraceae,Colidextribacter
OTU1238,Bacteria,Chloroflexi,TK10,NA,NA,NA
OTU0103,Bacteria,Cyanobacteria,Vampirivibrionia,Obscuribacterales,Obscuribacteraceae,NA
OTU0834,Bacteria,Actinobacteriota,Actinobacteria,Corynebacteriales,Corynebacteriaceae,Corynebacterium
OTU0548,Bacteria,Deinococcota,Deinococci,Deinococcales,Deinococcaceae,Deinococcus
OTU0418,Bacteria,Cyanobacteria,Cyanobacteriia,Cyanobacteriales,Chroococcidiopsaceae,uncultured
OTU1337,Bacteria,Fusobacteriota,Fusobacteriia,Fusobacteriales,Fusobacteriaceae,Fusobacterium
OTU0980,Bacteria,Firmicutes,Clostridia,Oscillospirales,Ruminococcaceae,uncultured
OTU1261,Bacteria,Actinobacteriota,Thermoleophilia,Gaiellales,uncultured,NA
OTU1296,Bacteria,Firmicutes,Clostridia,Peptostreptococcales_Tissierellales,Family_XI,Peptoniphilus
OTU0836,Bacteria,Actinobacteriota,Actinobacteria,Frankiales,uncultured,NA
OTU1015,Bacteria,Abditibacteriota,Abditibacteria,Abditibacteriales,Abditibacteriaceae,Abditibacterium
OTU1295,Bacteria,Firmicutes,Clostridia,Peptostreptococcales_Tissierellales,Peptostreptococcaceae,Terrisporobacter
OTU1066,Bacteria,Firmicutes,Bacilli,Erysipelotrichales,Erysipelatoclostridiaceae,Erysipelatoclostridium
OTU0996,Bacteria,Firmicutes,Negativicutes,Veillonellales_Selenomonadales,Veillonellaceae,Veillonella
OTU1163,Bacteria,Firmicutes,Clostridia,Lachnospirales,Lachnospiraceae,Lachnospiraceae_NK4A136_group
OTU0002,Bacteria,Firmicutes,Clostridia,Peptococcales,Peptococcaceae,Peptococcus
OTU0804,Bacteria,Chloroflexi,Chloroflexia,Thermomicrobiales,JG30_KF_CM45,NA
OTU1013,Bacteria,Chloroflexi,KD4_96,NA,NA,NA
OTU0805,Bacteria,Chloroflexi,Chloroflexia,Thermomicrobiales,JG30_KF_CM45,NA
OTU0796,Bacteria,Actinobacteriota,Actinobacteria,Actinomycetales,Actinomycetaceae,Mobiluncus
OTU1259,Bacteria,Firmicutes,Bacilli,RF39,NA,NA
OTU0660,Bacteria,Proteobacteria,Alphaproteobacteria,Sphingomonadales,Sphingomonadaceae,Sphingomonas
OTU0182,Bacteria,Patescibacteria,Gracilibacteria,JGI_0000069_P22,NA,NA
OTU1346,Bacteria,Fusobacteriota,Fusobacteriia,Fusobacteriales,Leptotrichiaceae,Leptotrichia
OTU0157,Bacteria,Chloroflexi,Chloroflexia,Kallotenuales,AKIW781,NA
OTU0703,Bacteria,Firmicutes,Clostridia,Clostridia_vadinBB60_group,NA,NA
OTU1051,Bacteria,Bacteroidota,Bacteroidia,Cytophagales,Cytophagaceae,Cytophaga
OTU0615,Bacteria,Proteobacteria,Gammaproteobacteria,Enterobacterales,Pasteurellaceae,Aggregatibacter
OTU0517,Bacteria,Proteobacteria,Alphaproteobacteria,Sphingomonadales,Sphingomonadaceae,Porphyrobacter
OTU0115,Bacteria,Planctomycetota,Phycisphaerae,Phycisphaerales,Phycisphaeraceae,SM1A02
OTU1248,Bacteria,Actinobacteriota,Coriobacteriia,Coriobacteriales,Atopobiaceae,Coriobacteriaceae_UCG_002
OTU0022,Bacteria,Firmicutes,Clostridia,Oscillospirales,Ruminococcaceae,Subdoligranulum
OTU1274,Bacteria,Firmicutes,Clostridia,Clostridia_vadinBB60_group,NA,NA
OTU0767,Bacteria,Firmicutes,Clostridia,Oscillospirales,Ruminococcaceae,Incertae_Sedis
OTU0967,Bacteria,Firmicutes,Clostridia,Oscillospirales,UCG_010,NA
OTU0655,Bacteria,Proteobacteria,Alphaproteobacteria,Rhodobacterales,Rhodobacteraceae,Tabrizicola
OTU0666,Bacteria,Proteobacteria,Alphaproteobacteria,Rhodobacterales,Rhodobacteraceae,Rubellimicrobium
OTU0278,Bacteria,Planctomycetota,Phycisphaerae,Phycisphaerales,Phycisphaeraceae,SM1A02
OTU0486,Bacteria,Bacteroidota,Bacteroidia,Bacteroidales,Muribaculaceae,NA
OTU0055,Bacteria,Actinobacteriota,Acidimicrobiia,Microtrichales,Iamiaceae,Iamia
OTU1007,Bacteria,Firmicutes,Bacilli,Staphylococcales,Gemellaceae,Gemella
OTU0005,Archaea,Crenarchaeota,Nitrososphaeria,Nitrosopumilales,Nitrosopumilaceae,Candidatus_Nitrosotenuis
OTU0451,Bacteria,Bacteroidota,Bacteroidia,Flavobacteriales,Weeksellaceae,Ornithobacterium
OTU0449,Bacteria,Bacteroidota,Bacteroidia,Bacteroidales,Bacteroidaceae,Bacteroides
OTU0140,Bacteria,Proteobacteria,Gammaproteobacteria,Pseudomonadales,Moraxellaceae,Psychrobacter
OTU0528,Bacteria,Myxococcota,Polyangia,Nannocystales,Nannocystaceae,Nannocystis
OTU0192,Bacteria,Proteobacteria,Alphaproteobacteria,Rhizobiales,Hyphomicrobiaceae,Hyphomicrobium
OTU0146,Bacteria,Proteobacteria,Gammaproteobacteria,Steroidobacterales,Steroidobacteraceae,Steroidobacter
OTU0889,Bacteria,Actinobacteriota,Actinobacteria,Corynebacteriales,Corynebacteriaceae,Corynebacterium
OTU1357,Bacteria,Fusobacteriota,Fusobacteriia,Fusobacteriales,Leptotrichiaceae,Leptotrichia
OTU1272,Bacteria,Synergistota,Synergistia,Synergistales,Synergistaceae,Fretibacterium
OTU0424,Bacteria,Bacteroidota,Bacteroidia,Bacteroidales,Prolixibacteraceae,uncultured
OTU0887,Bacteria,Actinobacteriota,Actinobacteria,Corynebacteriales,Corynebacteriaceae,Corynebacterium
OTU0333,Bacteria,Bacteroidota,Bacteroidia,Bacteroidales,Prevotellaceae,Prevotellaceae_UCG_001
OTU0678,Bacteria,Bacteroidota,Bacteroidia,Bacteroidales,Rikenellaceae,Rikenellaceae_RC9_gut_group
OTU1294,Bacteria,Firmicutes,Clostridia,Peptostreptococcales_Tissierellales,Peptostreptococcaceae,Peptostreptococcus
OTU0566,Bacteria,Bacteroidota,Bacteroidia,Chitinophagales,Chitinophagaceae,Asinibacterium
OTU0107,Bacteria,Actinobacteriota,Acidimicrobiia,Microtrichales,uncultured,NA
OTU0940,Bacteria,Firmicutes,Bacilli,Erysipelotrichales,Erysipelatoclostridiaceae,Erysipelatoclostridium
OTU0154,Bacteria,Verrucomicrobiota,Verrucomicrobiae,Verrucomicrobiales,Akkermansiaceae,Akkermansia
OTU1064,Bacteria,Firmicutes,Bacilli,Erysipelotrichales,Erysipelatoclostridiaceae,Erysipelotrichaceae_UCG_003
OTU1086,Bacteria,Firmicutes,Clostridia,Oscillospirales,Ruminococcaceae,_Eubacterium_siraeum_group
OTU0095,Bacteria,Proteobacteria,Alphaproteobacteria,Holosporales,Holosporaceae,uncultured
OTU1131,Bacteria,Actinobacteriota,Coriobacteriia,Coriobacteriales,Atopobiaceae,Atopobium
OTU0895,Bacteria,Actinobacteriota,Actinobacteria,Pseudonocardiales,Pseudonocardiaceae,Actinomycetospora
OTU0937,Bacteria,Firmicutes,Clostridia,Oscillospirales,_Eubacterium_coprostanoligenes_group,NA
OTU0171,Bacteria,Firmicutes,Bacilli,Acholeplasmatales,Acholeplasmataceae,Acholeplasma
OTU0984,Bacteria,Firmicutes,Clostridia,Oscillospirales,Ruminococcaceae,Candidatus_Soleaferrea
OTU0321,Bacteria,Bacteroidota,Bacteroidia,Bacteroidales,Prevotellaceae,Prevotella_7
OTU1126,Bacteria,Firmicutes,Clostridia,Peptostreptococcales_Tissierellales,Anaerovoracaceae,_Eubacterium_nodatum_group
OTU1179,Bacteria,Firmicutes,Clostridia,Lachnospirales,Lachnospiraceae,Lachnospiraceae_NK4A136_group
OTU1081,Bacteria,Firmicutes,Negativicutes,Veillonellales_Selenomonadales,Selenomonadaceae,uncultured
OTU0593,Bacteria,Bacteroidota,Bacteroidia,Flavobacteriales,Weeksellaceae,Bergeyella
OTU1082,Bacteria,Firmicutes,Negativicutes,Veillonellales_Selenomonadales,Selenomonadaceae,Selenomonas
OTU0879,Bacteria,Bacteroidota,Bacteroidia,Flavobacteriales,Flavobacteriaceae,Capnocytophaga
OTU0299,Bacteria,Bacteroidota,Bacteroidia,Bacteroidales,Prevotellaceae,Prevotella
OTU0853,Bacteria,Proteobacteria,Gammaproteobacteria,Burkholderiales,Neisseriaceae,Kingella
OTU0336,Bacteria,Bacteroidota,Bacteroidia,Bacteroidales,Prevotellaceae,Prevotella
OTU0180,Bacteria,Firmicutes,Clostridia,Clostridia_UCG_014,NA,NA
OTU0512,Bacteria,Bacteroidota,Bacteroidia,Sphingobacteriales,Lentimicrobiaceae,Lentimicrobium
OTU0033,Bacteria,Spirochaetota,Spirochaetia,Spirochaetales,Spirochaetaceae,Treponema
OTU0366,Bacteria,Bacteroidota,Bacteroidia,Bacteroidales,Porphyromonadaceae,Porphyromonas
OTU1217,Bacteria,Actinobacteriota,Thermoleophilia,Gaiellales,uncultured,NA
OTU0867,Bacteria,Proteobacteria,Gammaproteobacteria,Burkholderiales,Burkholderiaceae,Burkholderia_Caballeronia_Paraburkholderia
OTU0857,Bacteria,Proteobacteria,Gammaproteobacteria,Burkholderiales,Comamonadaceae,Tepidimonas
OTU0794,Bacteria,Actinobacteriota,Actinobacteria,Actinomycetales,Actinomycetaceae,Actinomyces
OTU1361,Bacteria,Fusobacteriota,Fusobacteriia,Fusobacteriales,Leptotrichiaceae,Leptotrichia
OTU0695,Bacteria,Firmicutes,Clostridia,Peptostreptococcales_Tissierellales,Family_XI,Anaerococcus
OTU0938,Bacteria,Firmicutes,Bacilli,Erysipelotrichales,Erysipelotrichaceae,Turicibacter
OTU0971,Bacteria,Firmicutes,Negativicutes,Veillonellales_Selenomonadales,Veillonellaceae,Anaeroglobus
OTU1182,Bacteria,Firmicutes,Clostridia,Lachnospirales,Lachnospiraceae,Hungatella
OTU0530,Bacteria,Proteobacteria,Gammaproteobacteria,Enterobacterales,Pasteurellaceae,Haemophilus
OTU1075,Bacteria,Firmicutes,Clostridia,Oscillospirales,Hungateiclostridiaceae,Fastidiosipila
OTU0042,Bacteria,Spirochaetota,Spirochaetia,Spirochaetales,Spirochaetaceae,Treponema
OTU0886,Bacteria,Actinobacteriota,Actinobacteria,Corynebacteriales,Corynebacteriaceae,Corynebacterium
OTU1327,Bacteria,Firmicutes,Clostridia,Lachnospirales,Lachnospiraceae,Roseburia
OTU1141,Bacteria,Firmicutes,Clostridia,Lachnospirales,Lachnospiraceae,Stomatobaculum
OTU0776,Bacteria,Actinobacteriota,Actinobacteria,Micrococcales,Microbacteriaceae,NA
OTU0720,Bacteria,Actinobacteriota,Thermoleophilia,Solirubrobacterales,67_14,NA
OTU0896,Bacteria,Actinobacteriota,Actinobacteria,Micrococcales,Intrasporangiaceae,Knoellia
OTU0750,Bacteria,Firmicutes,Clostridia,Oscillospirales,Ruminococcaceae,Ruminococcus
OTU0577,Bacteria,Bacteroidota,Bacteroidia,Chitinophagales,Chitinophagaceae,Terrimonas
OTU1044,Bacteria,Firmicutes,Bacilli,Lactobacillales,Lactobacillaceae,Lactobacillus
OTU0298,Bacteria,Bacteroidota,Bacteroidia,Bacteroidales,Prevotellaceae,Prevotella
OTU0838,Bacteria,Actinobacteriota,Actinobacteria,Kineosporiales,Kineosporiaceae,Kineosporia
OTU0433,Bacteria,Bacteroidota,Bacteroidia,Flavobacteriales,Flavobacteriaceae,Capnocytophaga
OTU1263,Bacteria,Actinobacteriota,Acidimicrobiia,Actinomarinales,uncultured,NA
OTU0782,Bacteria,Actinobacteriota,Actinobacteria,Actinomycetales,Actinomycetaceae,Actinomyces
OTU0316,Bacteria,Bacteroidota,Bacteroidia,Bacteroidales,Prevotellaceae,Prevotella
OTU0340,Bacteria,Bacteroidota,Bacteroidia,Bacteroidales,Prevotellaceae,Prevotella
OTU1168,Bacteria,Firmicutes,Clostridia,Lachnospirales,Lachnospiraceae,Lachnospiraceae_UCG_004
OTU0277,Bacteria,Proteobacteria,Alphaproteobacteria,Micavibrionales,uncultured,NA
OTU0021,Bacteria,Firmicutes,Clostridia,Oscillospirales,Ruminococcaceae,uncultured
OTU0987,Bacteria,Firmicutes,Clostridia,Oscillospirales,_Eubacterium_coprostanoligenes_group,NA
OTU0735,Bacteria,Firmicutes,Bacilli,RF39,NA,NA
OTU0989,Bacteria,Firmicutes,Negativicutes,Acidaminococcales,Acidaminococcaceae,Acidaminococcus
OTU1311,Bacteria,Firmicutes,Clostridia,Lachnospirales,Lachnospiraceae,_Eubacterium_eligens_group
OTU0532,Bacteria,Desulfobacterota,Desulfovibrionia,Desulfovibrionales,Desulfovibrionaceae,Bilophila
OTU0396,Bacteria,Bacteroidota,Bacteroidia,Bacteroidales,Bacteroidaceae,Bacteroides
OTU0988,Bacteria,Firmicutes,Negativicutes,Acidaminococcales,Acidaminococcaceae,Phascolarctobacterium
OTU0535,Bacteria,Proteobacteria,Gammaproteobacteria,Enterobacterales,Morganellaceae,Morganella
OTU0665,Bacteria,Proteobacteria,Alphaproteobacteria,Rhodobacterales,Rhodobacteraceae,Rubellimicrobium
OTU1186,Bacteria,Firmicutes,Clostridia,Lachnospirales,Lachnospiraceae,uncultured
OTU0704,Bacteria,Firmicutes,Clostridia,Clostridia_vadinBB60_group,NA,NA
OTU1065,Bacteria,Firmicutes,Bacilli,Erysipelotrichales,Erysipelatoclostridiaceae,NA
OTU0705,Bacteria,Firmicutes,Clostridia,Oscillospirales,_Eubacterium_coprostanoligenes_group,NA
OTU1214,Bacteria,Firmicutes,Clostridia,Christensenellales,Christensenellaceae,Christensenellaceae_R_7_group
OTU0195,Bacteria,Myxococcota,Polyangia,Haliangiales,Haliangiaceae,Haliangium
OTU1206,Bacteria,Actinobacteriota,Thermoleophilia,Solirubrobacterales,Solirubrobacteraceae,Parviterribacter
OTU1320,Bacteria,Firmicutes,Clostridia,Lachnospirales,Lachnospiraceae,Roseburia
OTU1135,Bacteria,Firmicutes,Clostridia,Lachnospirales,Lachnospiraceae,Moryella
OTU1319,Bacteria,Firmicutes,Clostridia,Lachnospirales,Lachnospiraceae,Roseburia
OTU1230,Bacteria,Actinobacteriota,Thermoleophilia,Gaiellales,Gaiellaceae,Gaiella
OTU1285,Bacteria,Firmicutes,Clostridia,Peptostreptococcales_Tissierellales,Family_XI,Parvimonas
OTU1140,Bacteria,Firmicutes,Clostridia,Lachnospirales,Lachnospiraceae,uncultured
OTU0573,Bacteria,Bacteroidota,Bacteroidia,Chitinophagales,Chitinophagaceae,Puia
OTU0736,Bacteria,Firmicutes,Clostridia,Clostridia_UCG_014,NA,NA
OTU1124,Bacteria,Firmicutes,Clostridia,Peptostreptococcales_Tissierellales,Anaerovoracaceae,uncultured
OTU0481,Bacteria,Bacteroidota,Bacteroidia,Bacteroidales,Muribaculaceae,NA
OTU0473,Bacteria,Bacteroidota,Bacteroidia,Bacteroidales,Muribaculaceae,NA
OTU0089,Bacteria,Myxococcota,bacteriap25,NA,NA,NA
OTU0816,Bacteria,Actinobacteriota,Acidimicrobiia,uncultured,NA,NA
OTU0955,Bacteria,Firmicutes,Clostridia,Oscillospirales,Hungateiclostridiaceae,Fastidiosipila
OTU1242,Bacteria,Firmicutes,Clostridia,Peptostreptococcales_Tissierellales,Anaerovoracaceae,_Eubacterium_nodatum_group
OTU1171,Bacteria,Firmicutes,Clostridia,Lachnospirales,Lachnospiraceae,uncultured
OTU1273,Bacteria,Synergistota,Synergistia,Synergistales,Synergistaceae,Fretibacterium
OTU0893,Bacteria,Actinobacteriota,Actinobacteria,Pseudonocardiales,Pseudonocardiaceae,Pseudonocardia
OTU1241,Bacteria,Firmicutes,Clostridia,Peptostreptococcales_Tissierellales,Family_XI,W5053
OTU0105,Bacteria,Actinobacteriota,Actinobacteria,Micromonosporales,Micromonosporaceae,Actinoplanes
OTU0461,Bacteria,Bacteroidota,Bacteroidia,Bacteroidales,Muribaculaceae,NA
OTU0455,Bacteria,Bacteroidota,Bacteroidia,Bacteroidales,Muribaculaceae,NA
OTU1190,Bacteria,Firmicutes,Clostridia,Lachnospirales,Lachnospiraceae,uncultured
OTU0894,Bacteria,Actinobacteriota,Actinobacteria,Frankiales,Nakamurellaceae,Nakamurella
OTU0181,Bacteria,Firmicutes,Clostridia,Clostridia_UCG_014,NA,NA
OTU1245,Bacteria,Firmicutes,Clostridia,Peptostreptococcales_Tissierellales,Anaerovoracaceae,_Eubacterium_nodatum_group
OTU0183,Archaea,Crenarchaeota,Nitrososphaeria,Nitrososphaerales,Nitrososphaeraceae,NA
OTU0224,Bacteria,Verrucomicrobiota,Verrucomicrobiae,Verrucomicrobiales,Rubritaleaceae,Luteolibacter
OTU0610,Bacteria,Bacteroidota,Bacteroidia,Cytophagales,Spirosomaceae,Spirosoma
OTU0742,Bacteria,Firmicutes,Clostridia,Clostridia_vadinBB60_group,NA,NA
OTU0924,Bacteria,Chloroflexi,KD4_96,NA,NA,NA
OTU0074,Bacteria,Myxococcota,Polyangia,Polyangiales,Polyangiaceae,Pajaroellobacter
OTU0070,Bacteria,Myxococcota,Polyangia,Polyangiales,Sandaracinaceae,uncultured
OTU0659,Bacteria,Proteobacteria,Alphaproteobacteria,Rhodobacterales,Rhodobacteraceae,Albimonas
OTU0637,Bacteria,Gemmatimonadota,Gemmatimonadetes,Gemmatimonadales,Gemmatimonadaceae,Gemmatimonas
OTU0284,Bacteria,Bacteroidota,Bacteroidia,Bacteroidales,Prevotellaceae,Prevotellaceae_Ga6A1_group
OTU0108,Bacteria,Actinobacteriota,Acidimicrobiia,Microtrichales,uncultured,NA
OTU0427,Bacteria,Bacteroidota,Bacteroidia,Bacteroidales,Paludibacteraceae,F0058
OTU0467,Bacteria,Bacteroidota,Bacteroidia,Bacteroidales,Muribaculaceae,NA
OTU0320,Bacteria,Bacteroidota,Bacteroidia,Bacteroidales,Prevotellaceae,Alloprevotella
OTU1288,Bacteria,Firmicutes,Clostridia,Peptostreptococcales_Tissierellales,Family_XI,Tissierella
OTU0985,Bacteria,Firmicutes,Clostridia,Oscillospirales,Hungateiclostridiaceae,Ruminiclostridium
OTU0580,Bacteria,Bacteroidota,Bacteroidia,Chitinophagales,Chitinophagaceae,Ferruginibacter
OTU0899,Bacteria,Actinobacteriota,Actinobacteria,Propionibacteriales,Nocardioidaceae,Nocardioides
OTU1184,Bacteria,Firmicutes,Clostridia,Lachnospirales,Lachnospiraceae,uncultured
OTU1255,Bacteria,Firmicutes,Clostridia,Oscillospirales,Oscillospiraceae,uncultured
OTU0487,Bacteria,Bacteroidota,Bacteroidia,Bacteroidales,Muribaculaceae,NA
OTU1348,Bacteria,Fusobacteriota,Fusobacteriia,Fusobacteriales,Leptotrichiaceae,uncultured
OTU0168,Bacteria,Firmicutes,Bacilli,Izemoplasmatales,NA,NA
OTU0480,Bacteria,Bacteroidota,Bacteroidia,Bacteroidales,Muribaculaceae,NA
OTU0795,Bacteria,Actinobacteriota,Actinobacteria,Micrococcales,Bogoriellaceae,Georgenia
OTU0392,Bacteria,Bacteroidota,Bacteroidia,Sphingobacteriales,Sphingobacteriaceae,Sphingobacterium
OTU0054,Bacteria,Actinobacteriota,Acidimicrobiia,Microtrichales,Iamiaceae,Iamia
OTU0151,Bacteria,Verrucomicrobiota,Verrucomicrobiae,Chthoniobacterales,Chthoniobacteraceae,LD29
OTU0531,Bacteria,Proteobacteria,Gammaproteobacteria,Enterobacterales,Succinivibrionaceae,Succinivibrio
OTU0380,Bacteria,Bacteroidota,Bacteroidia,Bacteroidales,Rikenellaceae,Alistipes
OTU1325,Bacteria,Firmicutes,Clostridia,Peptostreptococcales_Tissierellales,Family_XI,Parvimonas
OTU0489,Bacteria,Bacteroidota,Bacteroidia,Bacteroidales,Muribaculaceae,NA
OTU0189,Bacteria,Bacteroidota,Bacteroidia,Sphingobacteriales,AKYH767,NA
OTU0713,Bacteria,Acidobacteriota,Blastocatellia,Blastocatellales,Blastocatellaceae,JGI_0001001_H03
OTU1116,Bacteria,Firmicutes,Clostridia,Lachnospirales,Lachnospiraceae,Johnsonella
OTU1178,Bacteria,Firmicutes,Clostridia,Lachnospirales,Lachnospiraceae,Lachnospiraceae_NK4A136_group
OTU0112,Bacteria,Patescibacteria,Parcubacteria,Candidatus_Wolfebacteria,NA,NA
OTU0769,Bacteria,Firmicutes,Clostridia,Oscillospirales,Ruminococcaceae,uncultured
OTU0126,Bacteria,Proteobacteria,Gammaproteobacteria,Gammaproteobacteria_Incertae_Sedis,Unknown_Family,Acidibacter
OTU0381,Bacteria,Bacteroidota,Bacteroidia,Sphingobacteriales,Sphingobacteriaceae,Nubsella
OTU1227,Bacteria,Firmicutes,Bacilli,Alicyclobacillales,Alicyclobacillaceae,Tumebacillus
OTU0600,Bacteria,Cyanobacteria,Vampirivibrionia,Gastranaerophilales,NA,NA
OTU0170,Bacteria,Firmicutes,Bacilli,Acholeplasmatales,Acholeplasmataceae,Acholeplasma
OTU0578,Bacteria,Bacteroidota,Bacteroidia,Flavobacteriales,Weeksellaceae,Moheibacter
OTU0079,Bacteria,Planctomycetota,Planctomycetes,Pirellulales,Pirellulaceae,uncultured
OTU0849,Bacteria,Proteobacteria,Gammaproteobacteria,Burkholderiales,TRA3_20,NA
OTU0493,Bacteria,Bacteroidota,Bacteroidia,Bacteroidales,Rikenellaceae,Alistipes
OTU0559,Bacteria,Deinococcota,Deinococci,Deinococcales,Trueperaceae,Truepera
OTU0635,Bacteria,Gemmatimonadota,Gemmatimonadetes,Gemmatimonadales,Gemmatimonadaceae,uncultured
OTU1004,Bacteria,Firmicutes,Bacilli,Bacillales,Bacillaceae,Bacillus
OTU1005,Bacteria,Firmicutes,Negativicutes,Veillonellales_Selenomonadales,Veillonellaceae,Veillonella
OTU0605,Bacteria,Bacteroidota,Bacteroidia,Cytophagales,Hymenobacteraceae,Adhaeribacter
OTU1085,Bacteria,Firmicutes,Clostridia,Clostridiales,Oxobacteraceae,Oxobacter
OTU0710,Bacteria,Acidobacteriota,Acidobacteriae,Bryobacterales,Bryobacteraceae,Bryobacter
OTU0351,Bacteria,Bacteroidota,Bacteroidia,Cytophagales,Amoebophilaceae,Candidatus_Cardinium
OTU0756,Bacteria,Firmicutes,Clostridia,Oscillospirales,Ruminococcaceae,Ruminococcus
OTU0391,Bacteria,Bacteroidota,Bacteroidia,Flavobacteriales,Flavobacteriaceae,Flavobacterium
OTU1208,Bacteria,Actinobacteriota,Thermoleophilia,Solirubrobacterales,67_14,NA
OTU1039,Bacteria,Abditibacteriota,Abditibacteria,Abditibacteriales,Abditibacteriaceae,Abditibacterium
OTU0707,Bacteria,Cyanobacteria,Sericytochromatia,NA,NA,NA
OTU0731,Bacteria,Firmicutes,Bacilli,Acholeplasmatales,Acholeplasmataceae,Anaeroplasma
OTU1215,Bacteria,Firmicutes,Clostridia,Oscillospirales,_Eubacterium_coprostanoligenes_group,NA
OTU1197,Bacteria,Firmicutes,Clostridia,Lachnospirales,Lachnospiraceae,_Eubacterium_xylanophilum_group
OTU0863,Bacteria,Proteobacteria,Gammaproteobacteria,Burkholderiales,Rhodocyclaceae,Dechloromonas
OTU0137,Bacteria,Myxococcota,Myxococcia,Myxococcales,Myxococcaceae,uncultured
OTU0472,Bacteria,Bacteroidota,Bacteroidia,Bacteroidales,Muribaculaceae,NA
OTU0470,Bacteria,Bacteroidota,Bacteroidia,Bacteroidales,Muribaculaceae,NA
OTU0860,Bacteria,Proteobacteria,Gammaproteobacteria,Burkholderiales,Rhodocyclaceae,Zoogloea
OTU0465,Bacteria,Bacteroidota,Bacteroidia,Bacteroidales,Muribaculaceae,NA
OTU0399,Bacteria,Bacteroidota,Bacteroidia,Bacteroidales,Bacteroidaceae,Bacteroides
OTU0709,Bacteria,Acidobacteriota,Acidobacteriae,Bryobacterales,Bryobacteraceae,Bryobacter
OTU0124,Bacteria,Proteobacteria,Gammaproteobacteria,Beggiatoales,Beggiatoaceae,uncultured
OTU0416,Bacteria,Cyanobacteria,Cyanobacteriia,Cyanobacteriales,Chroococcidiopsaceae,Chroococcidiopsis_SAG_2023
OTU0428,Bacteria,Bacteroidota,Bacteroidia,Bacteroidales,Bacteroidaceae,Bacteroides
OTU0406,Bacteria,Bacteroidota,Bacteroidia,Bacteroidales,Dysgonomonadaceae,Fermentimonas
OTU0172,Bacteria,Firmicutes,Clostridia,Clostridia_UCG_014,NA,NA
OTU0104,Bacteria,Cyanobacteria,Vampirivibrionia,Obscuribacterales,Obscuribacteraceae,Candidatus_Obscuribacter
OTU0444,Bacteria,Bacteroidota,Bacteroidia,Bacteroidales,Bacteroidaceae,Bacteroides
OTU0522,Bacteria,Proteobacteria,Alphaproteobacteria,Sphingomonadales,Sphingomonadaceae,Sphingopyxis
OTU1021,Bacteria,Firmicutes,Clostridia,Oscillospirales,Oscillospiraceae,Oscillibacter
OTU0440,Bacteria,Bacteroidota,Bacteroidia,Bacteroidales,Rikenellaceae,Rikenellaceae_RC9_gut_group
OTU0908,Bacteria,Patescibacteria,Saccharimonadia,Saccharimonadales,NA,NA
OTU0519,Bacteria,Proteobacteria,Alphaproteobacteria,Sphingomonadales,Sphingomonadaceae,Sphingopyxis
OTU0520,Bacteria,Proteobacteria,Alphaproteobacteria,Sphingomonadales,Sphingomonadaceae,uncultured
OTU0280,Bacteria,Proteobacteria,Alphaproteobacteria,Sphingomonadales,Sphingomonadaceae,Sphingopyxis
OTU0090,Bacteria,Cyanobacteria,Cyanobacteriia,Chloroplast,NA,NA
OTU0806,Bacteria,Actinobacteriota,Actinobacteria,Micrococcales,Brevibacteriaceae,Brevibacterium
OTU0852,Bacteria,Proteobacteria,Gammaproteobacteria,Burkholderiales,Neisseriaceae,Alysiella
OTU0235,Bacteria,Proteobacteria,Alphaproteobacteria,Rhizobiales,Beijerinckiaceae,uncultured
OTU0603,Bacteria,Bacteroidota,Bacteroidia,Cytophagales,Hymenobacteraceae,Pontibacter
OTU0738,Bacteria,Firmicutes,Clostridia,Clostridia_UCG_014,NA,NA
OTU1332,Bacteria,Firmicutes,Clostridia,Lachnospirales,Lachnospiraceae,Tyzzerella
OTU0300,Bacteria,Bacteroidota,Bacteroidia,Bacteroidales,Prevotellaceae,Alloprevotella
OTU1156,Bacteria,Firmicutes,Clostridia,Lachnospirales,Lachnospiraceae,uncultured
OTU1026,Bacteria,Firmicutes,Clostridia,Oscillospirales,Oscillospiraceae,Oscillibacter
OTU0476,Bacteria,Bacteroidota,Bacteroidia,Bacteroidales,Barnesiellaceae,Barnesiella
OTU0276,Bacteria,Proteobacteria,Alphaproteobacteria,Rhizobiales,Rhizobiaceae,Mesorhizobium
OTU1136,Bacteria,Firmicutes,Clostridia,Lachnospirales,Lachnospiraceae,Lachnoanaerobaculum
OTU1188,Bacteria,Firmicutes,Clostridia,Lachnospirales,Lachnospiraceae,Coprococcus
OTU0592,Bacteria,Bacteroidota,Bacteroidia,Flavobacteriales,Weeksellaceae,Bergeyella
OTU1329,Bacteria,Firmicutes,Clostridia,Lachnospirales,Lachnospiraceae,Agathobacter
OTU0975,Bacteria,Firmicutes,Clostridia,Oscillospirales,_Eubacterium_coprostanoligenes_group,NA
OTU1207,Bacteria,Actinobacteriota,Thermoleophilia,Solirubrobacterales,67_14,NA
OTU1234,Bacteria,Actinobacteriota,Thermoleophilia,Gaiellales,Gaiellaceae,Gaiella
OTU0691,Bacteria,Acidobacteriota,Vicinamibacteria,Vicinamibacterales,uncultured,NA
OTU1318,Bacteria,Firmicutes,Clostridia,Peptostreptococcales_Tissierellales,Anaerovoracaceae,S5_A14a
OTU1132,Bacteria,Actinobacteriota,Coriobacteriia,Coriobacteriales,Atopobiaceae,Atopobium
OTU0995,Bacteria,Firmicutes,Negativicutes,Veillonellales_Selenomonadales,Veillonellaceae,Veillonella
OTU1260,Bacteria,Firmicutes,Clostridia,Peptococcales,Peptococcaceae,uncultured
OTU0911,Bacteria,Firmicutes,Bacilli,Lactobacillales,Streptococcaceae,Streptococcus
OTU0622,Bacteria,Desulfobacterota,Desulfovibrionia,Desulfovibrionales,Desulfovibrionaceae,Desulfovibrio
OTU1079,Bacteria,Firmicutes,Bacilli,RF39,NA,NA
OTU1216,Bacteria,Actinobacteriota,Thermoleophilia,Solirubrobacterales,67_14,NA
OTU0210,Bacteria,Proteobacteria,Gammaproteobacteria,Xanthomonadales,Xanthomonadaceae,Luteimonas
OTU1299,Bacteria,Actinobacteriota,Thermoleophilia,Solirubrobacterales,Solirubrobacteraceae,Solirubrobacter
OTU0690,Bacteria,Acidobacteriota,Vicinamibacteria,Vicinamibacterales,uncultured,NA
OTU1014,Bacteria,Chloroflexi,KD4_96,NA,NA,NA
OTU0435,Bacteria,Bacteroidota,Bacteroidia,Flavobacteriales,Flavobacteriaceae,Capnocytophaga
OTU0570,Bacteria,Bacteroidota,Bacteroidia,Chitinophagales,Chitinophagaceae,Lacibacter
OTU1283,Bacteria,Firmicutes,Desulfitobacteriia,Desulfitobacteriales,Desulfitobacteriaceae,Desulfosporosinus
OTU0760,Bacteria,Firmicutes,Clostridia,Oscillospirales,Oscillospiraceae,UCG_005
OTU1195,Bacteria,Firmicutes,Clostridia,Lachnospirales,Lachnospiraceae,uncultured
OTU0654,Bacteria,Proteobacteria,Alphaproteobacteria,Rhodobacterales,Rhodobacteraceae,uncultured
OTU0647,Bacteria,Desulfobacterota,uncultured,NA,NA,NA
OTU0543,Bacteria,Desulfobacterota,Desulfovibrionia,Desulfovibrionales,Desulfovibrionaceae,Desulfovibrio
OTU1070,Bacteria,Firmicutes,Bacilli,Erysipelotrichales,Erysipelotrichaceae,Erysipelotrichaceae_UCG_006
OTU0244,Bacteria,Proteobacteria,Alphaproteobacteria,Acetobacterales,Acetobacteraceae,Endobacter
OTU1228,Bacteria,Firmicutes,Bacilli,Alicyclobacillales,Alicyclobacillaceae,Tumebacillus
OTU0723,Bacteria,Firmicutes,Clostridia,Oscillospirales,Ruminococcaceae,uncultured
OTU1192,Bacteria,Firmicutes,Clostridia,Lachnospirales,Lachnospiraceae,Anaerobium
OTU0202,Bacteria,Proteobacteria,Gammaproteobacteria,Xanthomonadales,Rhodanobacteraceae,Pseudofulvimonas
OTU0204,Bacteria,Proteobacteria,Gammaproteobacteria,Xanthomonadales,Xanthomonadaceae,Arenimonas
OTU0636,Bacteria,Gemmatimonadota,Gemmatimonadetes,Gemmatimonadales,Gemmatimonadaceae,uncultured
OTU0639,Bacteria,Gemmatimonadota,Gemmatimonadetes,Gemmatimonadales,Gemmatimonadaceae,Gemmatimonas
OTU0638,Bacteria,Gemmatimonadota,Gemmatimonadetes,Gemmatimonadales,Gemmatimonadaceae,Gemmatimonas
OTU1043,Bacteria,Firmicutes,Bacilli,Lactobacillales,Carnobacteriaceae,Granulicatella
OTU1147,Bacteria,Firmicutes,Clostridia,Lachnospirales,Lachnospiraceae,Oribacterium
OTU1166,Bacteria,Firmicutes,Clostridia,Lachnospirales,Lachnospiraceae,Oribacterium
OTU1356,Bacteria,Fusobacteriota,Fusobacteriia,Fusobacteriales,Leptotrichiaceae,Leptotrichia
OTU0618,Bacteria,Proteobacteria,Gammaproteobacteria,Enterobacterales,Pasteurellaceae,Actinobacillus
OTU1233,Bacteria,Actinobacteriota,Thermoleophilia,Gaiellales,uncultured,NA
OTU0164,Bacteria,Firmicutes,Bacilli,Mycoplasmatales,Mycoplasmataceae,Mycoplasma
OTU1008,Bacteria,Firmicutes,Negativicutes,Veillonellales_Selenomonadales,Veillonellaceae,Megasphaera
OTU0862,Bacteria,Proteobacteria,Gammaproteobacteria,Burkholderiales,Sutterellaceae,Parasutterella
OTU0286,Bacteria,Bacteroidota,Bacteroidia,Bacteroidales,Barnesiellaceae,Coprobacter
OTU1000,Bacteria,Firmicutes,Negativicutes,Veillonellales_Selenomonadales,Veillonellaceae,Dialister
OTU0925,Bacteria,Firmicutes,Clostridia,Monoglobales,Monoglobaceae,Monoglobus
OTU0617,Bacteria,Proteobacteria,Gammaproteobacteria,Enterobacterales,Pasteurellaceae,Haemophilus
OTU1304,Bacteria,Firmicutes,Clostridia,Peptostreptococcales_Tissierellales,Family_XI,Anaerococcus
OTU1309,Bacteria,Firmicutes,Clostridia,Lachnospirales,Lachnospiraceae,Roseburia
OTU1117,Bacteria,Firmicutes,Clostridia,Lachnospirales,Lachnospiraceae,Lachnospiraceae_UCG_010
OTU0404,Bacteria,Bacteroidota,Bacteroidia,Bacteroidales,Bacteroidaceae,Bacteroides
OTU1172,Bacteria,Firmicutes,Clostridia,Lachnospirales,Lachnospiraceae,Blautia
OTU1050,Bacteria,Bacteroidota,Bacteroidia,Cytophagales,Microscillaceae,uncultured
OTU0365,Bacteria,Cyanobacteria,Cyanobacteriia,Leptolyngbyales,Leptolyngbyaceae,Leptolyngbya_ANT_L52_2
OTU0155,Bacteria,Verrucomicrobiota,Verrucomicrobiae,Chthoniobacterales,Chthoniobacteraceae,Candidatus_Udaeobacter
OTU0086,Bacteria,Planctomycetota,Planctomycetes,Pirellulales,Pirellulaceae,uncultured
OTU1239,Bacteria,Firmicutes,Clostridia,Peptostreptococcales_Tissierellales,Family_XI,uncultured
OTU0296,Bacteria,Bacteroidota,Bacteroidia,Bacteroidales,Prevotellaceae,uncultured
OTU0315,Bacteria,Bacteroidota,Bacteroidia,Bacteroidales,Prevotellaceae,Prevotella_7
OTU0350,Bacteria,Bacteroidota,Bacteroidia,Bacteroidales,Prevotellaceae,Prevotella_7
OTU1023,Bacteria,Firmicutes,Clostridia,Oscillospirales,Oscillospiraceae,UCG_002
OTU1236,Bacteria,Actinobacteriota,Thermoleophilia,Gaiellales,Gaiellaceae,Gaiella
OTU0714,Bacteria,Acidobacteriota,Blastocatellia,Blastocatellales,Blastocatellaceae,Blastocatella
OTU0077,Bacteria,Elusimicrobiota,Elusimicrobia,Lineage_IV,NA,NA
OTU0043,Bacteria,Spirochaetota,Spirochaetia,Spirochaetales,Spirochaetaceae,Treponema
OTU0039,Bacteria,Spirochaetota,Spirochaetia,Spirochaetales,Spirochaetaceae,Treponema
OTU0698,Bacteria,Spirochaetota,Spirochaetia,Spirochaetales,Spirochaetaceae,Treponema
OTU0699,Bacteria,Spirochaetota,Spirochaetia,Spirochaetales,Spirochaetaceae,Treponema
OTU0041,Bacteria,Spirochaetota,Spirochaetia,Spirochaetales,Spirochaetaceae,Treponema
OTU0036,Bacteria,Spirochaetota,Spirochaetia,Spirochaetales,Spirochaetaceae,Treponema
OTU0029,Bacteria,Spirochaetota,Spirochaetia,Spirochaetales,Spirochaetaceae,Treponema
OTU0044,Bacteria,Spirochaetota,Spirochaetia,Spirochaetales,Spirochaetaceae,Treponema
OTU0623,Bacteria,Proteobacteria,Gammaproteobacteria,Enterobacterales,Vibrionaceae,Photobacterium
OTU1089,Bacteria,Firmicutes,Negativicutes,Acidaminococcales,Acidaminococcaceae,Phascolarctobacterium
OTU0206,Bacteria,Proteobacteria,Gammaproteobacteria,Xanthomonadales,Xanthomonadaceae,Pseudoxanthomonas
OTU0680,Bacteria,Acidobacteriota,Blastocatellia,Pyrinomonadales,Pyrinomonadaceae,RB41
OTU0348,Bacteria,Bacteroidota,Bacteroidia,Bacteroidales,Prevotellaceae,Prevotella_7
OTU0046,Bacteria,Spirochaetota,Spirochaetia,Spirochaetales,Spirochaetaceae,Treponema
OTU0053,Bacteria,Firmicutes,Bacilli,Bacillales,Sporolactobacillaceae,uncultured
OTU0712,Bacteria,Firmicutes,Negativicutes,Veillonellales_Selenomonadales,Selenomonadaceae,Selenomonas
OTU0672,Bacteria,Bacteroidota,Bacteroidia,Bacteroidales,Rikenellaceae,Rikenellaceae_RC9_gut_group
OTU0673,Bacteria,Bacteroidota,Bacteroidia,Bacteroidales,Rikenellaceae,Rikenellaceae_RC9_gut_group
OTU0787,Bacteria,Actinobacteriota,Actinobacteria,Actinomycetales,Actinomycetaceae,F0332
OTU0173,Bacteria,Firmicutes,Clostridia,Clostridia_UCG_014,NA,NA
OTU0159,Bacteria,Firmicutes,Bacilli,Mycoplasmatales,Mycoplasmataceae,Ureaplasma
OTU0624,Bacteria,Proteobacteria,Gammaproteobacteria,Enterobacterales,Vibrionaceae,Vibrio
OTU0997,Bacteria,Firmicutes,Negativicutes,Veillonellales_Selenomonadales,Veillonellaceae,Veillonella
OTU0999,Bacteria,Firmicutes,Negativicutes,Veillonellales_Selenomonadales,Veillonellaceae,Dialister
OTU0550,Bacteria,Campylobacterota,Campylobacteria,Campylobacterales,Helicobacteraceae,Wolinella
OTU1364,Bacteria,Firmicutes,Bacilli,Lactobacillales,Lactobacillaceae,Weissella
OTU0208,Bacteria,Proteobacteria,Gammaproteobacteria,Xanthomonadales,Xanthomonadaceae,Xanthomonas
OTU0011,Bacteria,Chloroflexi,Anaerolineae,Anaerolineales,Anaerolineaceae,Flexilinea
OTU0429,Bacteria,Proteobacteria,Gammaproteobacteria,Burkholderiales,Sutterellaceae,Sutterella
OTU0977,Bacteria,Firmicutes,Clostridia,Oscillospirales,Ruminococcaceae,Harryflintia
OTU0757,Bacteria,Firmicutes,Clostridia,Oscillospirales,Ruminococcaceae,Phocea
OTU1058,Bacteria,Firmicutes,Bacilli,Erysipelotrichales,Erysipelotrichaceae,Dubosiella
OTU0100,Bacteria,Proteobacteria,Alphaproteobacteria,Rickettsiales,Mitochondria,NA
